,ticker,first_close,last_close,first_date,last_date,total_days,volume_threshold(%),pct_threshold(%),holding_days,buy-waiting_days,strategy_max_drawdown(%),strategy_cagr%,strategy_calmar,final_account_value,total_trades,winners,win_rate(%),top_5_gainers(%),averge_max_return(%),averge_max_drawdown(%),top_5_losers(%),average_gain(%),average_loss(%),buy_hold_return(%),buy_hold_cagr%,buy_hold_max_drawdown(%),buy_hold_calmar
0,TSLA,248.42,417.41,2024-01-02,2024-12-30,363,20,0.1,5,0,-14.06,93.89,6.68,193.18,11,7,63.64,"[26.68, 25.47, 14.46, 4.22, 3.62]",10.72,-2.69,"[-4.08, -1.31, -0.45, -0.16]",11.27,-1.5,68.03,68.51,-40.92,1.67
1,TSLA,248.42,417.41,2024-01-02,2024-12-30,363,20,0.1,5,1,-11.09,74.4,6.71,173.87,10,8,80.0,"[27.4, 11.02, 9.32, 9.28, 4.81]",10.87,-1.81,"[-7.51, -2.2]",8.77,-4.86,68.03,68.51,-40.92,1.67
2,TSLA,248.42,417.41,2024-01-02,2024-12-30,363,20,0.1,5,5,-16.69,29.62,1.77,129.43,8,5,62.5,"[18.84, 9.93, 8.73, 6.14, 3.18]",6.7,-3.79,"[-14.13, -2.98, -0.12]",9.36,-5.74,68.03,68.51,-40.92,1.67
3,TSLA,248.42,417.41,2024-01-02,2024-12-30,363,20,0.1,5,10,-18.28,36.6,2.0,136.37,7,5,71.43,"[27.4, 13.51, 4.81, 4.22, 1.78]",9.64,-4.26,"[-8.09, -7.72]",10.34,-7.9,68.03,68.51,-40.92,1.67
4,TSLA,248.42,417.41,2024-01-02,2024-12-30,363,20,1.0,5,0,-14.06,93.89,6.68,193.18,11,7,63.64,"[26.68, 25.47, 14.46, 4.22, 3.62]",10.72,-2.69,"[-4.08, -1.31, -0.45, -0.16]",11.27,-1.5,68.03,68.51,-40.92,1.67
5,TSLA,248.42,417.41,2024-01-02,2024-12-30,363,20,1.0,5,1,-11.09,68.29,6.16,167.81,10,8,80.0,"[27.4, 11.02, 9.32, 9.28, 4.81]",10.83,-1.84,"[-7.51, -5.61]",8.77,-6.56,68.03,68.51,-40.92,1.67
6,TSLA,248.42,417.41,2024-01-02,2024-12-30,363,20,1.0,5,5,-16.77,26.9,1.6,126.74,8,5,62.5,"[18.84, 9.93, 8.73, 6.14, 3.18]",6.23,-4.21,"[-14.13, -2.98, -2.2]",9.36,-6.44,68.03,68.51,-40.92,1.67
7,TSLA,248.42,417.41,2024-01-02,2024-12-30,363,20,1.0,5,10,-18.28,33.74,1.85,133.52,7,5,71.43,"[27.4, 13.51, 4.81, 4.22, 1.78]",9.64,-4.0,"[-9.64, -8.09]",10.34,-8.86,68.03,68.51,-40.92,1.67
8,TSLA,248.42,417.41,2024-01-02,2024-12-30,363,20,2.0,5,0,-13.67,67.13,4.91,166.66,9,6,66.67,"[25.47, 14.46, 11.02, 4.22, 3.62]",10.95,-2.29,"[-4.08, -1.31, -0.16]",10.2,-1.85,68.03,68.51,-40.92,1.67
9,TSLA,248.42,417.41,2024-01-02,2024-12-30,363,20,2.0,5,1,-11.09,54.51,4.91,154.14,9,7,77.78,"[27.4, 9.32, 9.28, 5.78, 4.81]",10.6,-2.17,"[-7.51, -5.61]",8.74,-6.56,68.03,68.51,-40.92,1.67
10,TSLA,248.42,417.41,2024-01-02,2024-12-30,363,20,2.0,5,5,-8.44,47.99,5.68,147.68,7,5,71.43,"[18.84, 9.93, 8.73, 6.14, 3.18]",7.38,-2.79,"[-2.93, -2.2]",9.36,-2.57,68.03,68.51,-40.92,1.67
11,TSLA,248.42,417.41,2024-01-02,2024-12-30,363,20,2.0,5,10,-18.28,15.18,0.83,115.09,6,3,50.0,"[27.4, 4.81, 4.22]",8.71,-4.39,"[-9.64, -8.09, -0.42]",12.14,-6.05,68.03,68.51,-40.92,1.67
12,TSLA,248.42,417.41,2024-01-02,2024-12-30,363,20,4.0,5,0,-10.15,65.26,6.43,164.81,8,5,62.5,"[25.47, 14.46, 11.02, 4.22, 3.62]",11.02,-2.44,"[-4.08, -0.16, -0.05]",11.76,-1.43,68.03,68.51,-40.92,1.67
13,TSLA,248.42,417.41,2024-01-02,2024-12-30,363,20,4.0,5,1,-11.09,54.91,4.95,154.54,8,7,87.5,"[13.84, 9.32, 9.28, 6.23, 5.78]",10.67,-1.3,[-7.51],7.65,-7.51,68.03,68.51,-40.92,1.67
14,TSLA,248.42,417.41,2024-01-02,2024-12-30,363,20,4.0,5,5,-5.43,77.82,14.32,177.26,7,6,85.71,"[23.44, 18.84, 9.93, 6.14, 3.4]",10.35,-1.63,[-2.93],10.82,-2.93,68.03,68.51,-40.92,1.67
15,TSLA,248.42,417.41,2024-01-02,2024-12-30,363,20,4.0,5,10,-18.28,13.9,0.76,113.81,5,3,60.0,"[13.84, 4.81, 4.22]",7.74,-2.8,"[-8.09, -0.42]",7.62,-4.26,68.03,68.51,-40.92,1.67
16,TSLA,248.42,417.41,2024-01-02,2024-12-30,363,20,10.0,5,0,-7.25,38.99,5.38,138.74,4,3,75.0,"[14.46, 13.84, 11.02]",14.54,-1.02,[-4.08],13.11,-4.08,68.03,68.51,-40.92,1.67
17,TSLA,248.42,417.41,2024-01-02,2024-12-30,363,20,10.0,5,1,-16.07,0.31,0.02,100.31,4,2,50.0,"[5.78, 4.81]",9.69,-2.7,"[-7.51, -2.18]",5.3,-4.84,68.03,68.51,-40.92,1.67
18,TSLA,248.42,417.41,2024-01-02,2024-12-30,363,20,10.0,5,5,-13.42,8.94,0.67,108.89,3,1,33.33,[18.84],7.16,-4.73,"[-5.61, -2.93]",18.84,-4.27,68.03,68.51,-40.92,1.67
19,TSLA,248.42,417.41,2024-01-02,2024-12-30,363,20,10.0,5,10,-14.83,-9.33,-0.63,90.71,3,1,33.33,[4.81],6.9,-5.55,"[-13.08, -0.42]",4.81,-6.75,68.03,68.51,-40.92,1.67
20,TSLA,248.42,417.41,2024-01-02,2024-12-30,363,50,0.1,5,0,-17.21,47.29,2.75,146.97,7,4,57.14,"[25.0, 14.46, 11.02, 0.3]",10.29,-3.89,"[-4.08, -3.66, -0.16]",12.7,-2.63,68.03,68.51,-40.92,1.67
21,TSLA,248.42,417.41,2024-01-02,2024-12-30,363,50,0.1,5,1,-14.94,35.22,2.36,135.0,7,6,85.71,"[13.84, 9.28, 5.78, 4.81, 3.18]",9.34,-1.85,[-7.51],6.58,-7.51,68.03,68.51,-40.92,1.67
22,TSLA,248.42,417.41,2024-01-02,2024-12-30,363,50,0.1,5,5,-9.71,28.69,2.96,128.51,7,4,57.14,"[18.84, 9.93, 8.13, 6.14]",6.58,-3.59,"[-9.71, -2.93, -2.2]",10.76,-4.95,68.03,68.51,-40.92,1.67
23,TSLA,248.42,417.41,2024-01-02,2024-12-30,363,50,0.1,5,10,-12.33,25.79,2.09,125.63,5,3,60.0,"[27.82, 4.81, 4.22]",10.54,-3.65,"[-9.64, -0.42]",12.28,-5.03,68.03,68.51,-40.92,1.67
24,TSLA,248.42,417.41,2024-01-02,2024-12-30,363,50,1.0,5,0,-17.21,47.29,2.75,146.97,7,4,57.14,"[25.0, 14.46, 11.02, 0.3]",10.29,-3.89,"[-4.08, -3.66, -0.16]",12.7,-2.63,68.03,68.51,-40.92,1.67
25,TSLA,248.42,417.41,2024-01-02,2024-12-30,363,50,1.0,5,1,-14.94,35.22,2.36,135.0,7,6,85.71,"[13.84, 9.28, 5.78, 4.81, 3.18]",9.34,-1.85,[-7.51],6.58,-7.51,68.03,68.51,-40.92,1.67
26,TSLA,248.42,417.41,2024-01-02,2024-12-30,363,50,1.0,5,5,-9.71,28.69,2.96,128.51,7,4,57.14,"[18.84, 9.93, 8.13, 6.14]",6.58,-3.59,"[-9.71, -2.93, -2.2]",10.76,-4.95,68.03,68.51,-40.92,1.67
27,TSLA,248.42,417.41,2024-01-02,2024-12-30,363,50,1.0,5,10,-12.33,25.79,2.09,125.63,5,3,60.0,"[27.82, 4.81, 4.22]",10.54,-3.65,"[-9.64, -0.42]",12.28,-5.03,68.03,68.51,-40.92,1.67
28,TSLA,248.42,417.41,2024-01-02,2024-12-30,363,50,2.0,5,0,-17.21,47.29,2.75,146.97,7,4,57.14,"[25.0, 14.46, 11.02, 0.3]",10.29,-3.89,"[-4.08, -3.66, -0.16]",12.7,-2.63,68.03,68.51,-40.92,1.67
29,TSLA,248.42,417.41,2024-01-02,2024-12-30,363,50,2.0,5,1,-14.94,35.22,2.36,135.0,7,6,85.71,"[13.84, 9.28, 5.78, 4.81, 3.18]",9.34,-1.85,[-7.51],6.58,-7.51,68.03,68.51,-40.92,1.67
30,TSLA,248.42,417.41,2024-01-02,2024-12-30,363,50,2.0,5,5,-9.71,28.69,2.96,128.51,7,4,57.14,"[18.84, 9.93, 8.13, 6.14]",6.58,-3.59,"[-9.71, -2.93, -2.2]",10.76,-4.95,68.03,68.51,-40.92,1.67
31,TSLA,248.42,417.41,2024-01-02,2024-12-30,363,50,2.0,5,10,-12.33,25.79,2.09,125.63,5,3,60.0,"[27.82, 4.81, 4.22]",10.54,-3.65,"[-9.64, -0.42]",12.28,-5.03,68.03,68.51,-40.92,1.67
32,TSLA,248.42,417.41,2024-01-02,2024-12-30,363,50,4.0,5,0,-8.45,52.47,6.21,152.11,5,3,60.0,"[25.0, 14.46, 11.02]",13.87,-2.51,"[-4.08, -0.16]",16.83,-2.12,68.03,68.51,-40.92,1.67
33,TSLA,248.42,417.41,2024-01-02,2024-12-30,363,50,4.0,5,1,-11.09,27.73,2.5,127.56,5,4,80.0,"[13.84, 9.28, 5.78, 4.81]",11.01,-1.72,[-7.51],8.43,-7.51,68.03,68.51,-40.92,1.67
34,TSLA,248.42,417.41,2024-01-02,2024-12-30,363,50,4.0,5,5,-13.11,31.83,2.43,131.63,5,3,60.0,"[18.84, 9.93, 6.14]",7.58,-3.04,"[-2.93, -2.2]",11.64,-2.57,68.03,68.51,-40.92,1.67
35,TSLA,248.42,417.41,2024-01-02,2024-12-30,363,50,4.0,5,10,-11.09,4.48,0.4,104.46,4,2,50.0,"[4.81, 4.22]",6.22,-3.17,"[-3.97, -0.42]",4.51,-2.2,68.03,68.51,-40.92,1.67
36,TSLA,248.42,417.41,2024-01-02,2024-12-30,363,50,10.0,5,0,-7.25,38.99,5.38,138.74,4,3,75.0,"[14.46, 13.84, 11.02]",14.54,-1.02,[-4.08],13.11,-4.08,68.03,68.51,-40.92,1.67
37,TSLA,248.42,417.41,2024-01-02,2024-12-30,363,50,10.0,5,1,-16.07,0.31,0.02,100.31,4,2,50.0,"[5.78, 4.81]",9.69,-2.7,"[-7.51, -2.18]",5.3,-4.84,68.03,68.51,-40.92,1.67
38,TSLA,248.42,417.41,2024-01-02,2024-12-30,363,50,10.0,5,5,-13.42,8.94,0.67,108.89,3,1,33.33,[18.84],7.16,-4.73,"[-5.61, -2.93]",18.84,-4.27,68.03,68.51,-40.92,1.67
39,TSLA,248.42,417.41,2024-01-02,2024-12-30,363,50,10.0,5,10,-14.83,-9.33,-0.63,90.71,3,1,33.33,[4.81],6.9,-5.55,"[-13.08, -0.42]",4.81,-6.75,68.03,68.51,-40.92,1.67
40,TSLA,248.42,417.41,2024-01-02,2024-12-30,363,100,0.1,5,0,-11.09,3.82,0.34,103.8,4,1,25.0,[13.84],6.54,-3.62,"[-4.79, -4.08, -0.16]",13.84,-3.01,68.03,68.51,-40.92,1.67
41,TSLA,248.42,417.41,2024-01-02,2024-12-30,363,100,0.1,5,1,-24.71,-15.12,-0.61,84.96,4,0,0.0,[],1.92,-5.94,"[-7.51, -3.22, -2.98, -2.18]",,-3.97,68.03,68.51,-40.92,1.67
42,TSLA,248.42,417.41,2024-01-02,2024-12-30,363,100,0.1,5,5,-14.82,14.81,1.0,114.72,4,2,50.0,"[18.84, 9.93]",7.19,-5.02,"[-6.97, -5.61]",14.38,-6.29,68.03,68.51,-40.92,1.67
43,TSLA,248.42,417.41,2024-01-02,2024-12-30,363,100,0.1,5,10,-14.36,-7.32,-0.51,92.72,3,2,66.67,"[4.81, 1.78]",7.46,-4.36,[-13.08],3.3,-13.08,68.03,68.51,-40.92,1.67
44,TSLA,248.42,417.41,2024-01-02,2024-12-30,363,100,1.0,5,0,-11.09,3.82,0.34,103.8,4,1,25.0,[13.84],6.54,-3.62,"[-4.79, -4.08, -0.16]",13.84,-3.01,68.03,68.51,-40.92,1.67
45,TSLA,248.42,417.41,2024-01-02,2024-12-30,363,100,1.0,5,1,-24.71,-15.12,-0.61,84.96,4,0,0.0,[],1.92,-5.94,"[-7.51, -3.22, -2.98, -2.18]",,-3.97,68.03,68.51,-40.92,1.67
46,TSLA,248.42,417.41,2024-01-02,2024-12-30,363,100,1.0,5,5,-14.82,14.81,1.0,114.72,4,2,50.0,"[18.84, 9.93]",7.19,-5.02,"[-6.97, -5.61]",14.38,-6.29,68.03,68.51,-40.92,1.67
47,TSLA,248.42,417.41,2024-01-02,2024-12-30,363,100,1.0,5,10,-14.36,-7.32,-0.51,92.72,3,2,66.67,"[4.81, 1.78]",7.46,-4.36,[-13.08],3.3,-13.08,68.03,68.51,-40.92,1.67
48,TSLA,248.42,417.41,2024-01-02,2024-12-30,363,100,2.0,5,0,-11.09,3.82,0.34,103.8,4,1,25.0,[13.84],6.54,-3.62,"[-4.79, -4.08, -0.16]",13.84,-3.01,68.03,68.51,-40.92,1.67
49,TSLA,248.42,417.41,2024-01-02,2024-12-30,363,100,2.0,5,1,-24.71,-15.12,-0.61,84.96,4,0,0.0,[],1.92,-5.94,"[-7.51, -3.22, -2.98, -2.18]",,-3.97,68.03,68.51,-40.92,1.67
50,TSLA,248.42,417.41,2024-01-02,2024-12-30,363,100,2.0,5,5,-14.82,14.81,1.0,114.72,4,2,50.0,"[18.84, 9.93]",7.19,-5.02,"[-6.97, -5.61]",14.38,-6.29,68.03,68.51,-40.92,1.67
51,TSLA,248.42,417.41,2024-01-02,2024-12-30,363,100,2.0,5,10,-14.36,-7.32,-0.51,92.72,3,2,66.67,"[4.81, 1.78]",7.46,-4.36,[-13.08],3.3,-13.08,68.03,68.51,-40.92,1.67
52,TSLA,248.42,417.41,2024-01-02,2024-12-30,363,100,4.0,5,0,-11.09,3.82,0.34,103.8,4,1,25.0,[13.84],6.54,-3.62,"[-4.79, -4.08, -0.16]",13.84,-3.01,68.03,68.51,-40.92,1.67
53,TSLA,248.42,417.41,2024-01-02,2024-12-30,363,100,4.0,5,1,-24.71,-15.12,-0.61,84.96,4,0,0.0,[],1.92,-5.94,"[-7.51, -3.22, -2.98, -2.18]",,-3.97,68.03,68.51,-40.92,1.67
54,TSLA,248.42,417.41,2024-01-02,2024-12-30,363,100,4.0,5,5,-14.82,14.81,1.0,114.72,4,2,50.0,"[18.84, 9.93]",7.19,-5.02,"[-6.97, -5.61]",14.38,-6.29,68.03,68.51,-40.92,1.67
55,TSLA,248.42,417.41,2024-01-02,2024-12-30,363,100,4.0,5,10,-14.36,-7.32,-0.51,92.72,3,2,66.67,"[4.81, 1.78]",7.46,-4.36,[-13.08],3.3,-13.08,68.03,68.51,-40.92,1.67
56,TSLA,248.42,417.41,2024-01-02,2024-12-30,363,100,10.0,5,0,-7.25,3.99,0.55,103.96,3,1,33.33,[13.84],5.73,-3.78,"[-4.79, -4.08]",13.84,-4.44,68.03,68.51,-40.92,1.67
57,TSLA,248.42,417.41,2024-01-02,2024-12-30,363,100,10.0,5,1,-15.32,-12.28,-0.8,87.78,3,0,0.0,[],2.55,-4.22,"[-7.51, -2.98, -2.18]",,-4.22,68.03,68.51,-40.92,1.67
58,TSLA,248.42,417.41,2024-01-02,2024-12-30,363,100,10.0,5,5,-14.82,4.38,0.3,104.36,3,1,33.33,[18.84],6.28,-6.69,"[-6.97, -5.61]",18.84,-6.29,68.03,68.51,-40.92,1.67
59,TSLA,248.42,417.41,2024-01-02,2024-12-30,363,100,10.0,5,10,-14.36,-7.32,-0.51,92.72,3,2,66.67,"[4.81, 1.78]",7.46,-4.36,[-13.08],3.3,-13.08,68.03,68.51,-40.92,1.67
60,TSLA,248.42,417.41,2024-01-02,2024-12-30,363,200,0.1,5,0,0.0,0.0,,100.0,0,0,0.0,[],0.0,0.0,[],,,68.03,68.51,-40.92,1.67
61,TSLA,248.42,417.41,2024-01-02,2024-12-30,363,200,0.1,5,1,0.0,0.0,,100.0,0,0,0.0,[],0.0,0.0,[],,,68.03,68.51,-40.92,1.67
62,TSLA,248.42,417.41,2024-01-02,2024-12-30,363,200,0.1,5,5,0.0,0.0,,100.0,0,0,0.0,[],0.0,0.0,[],,,68.03,68.51,-40.92,1.67
63,TSLA,248.42,417.41,2024-01-02,2024-12-30,363,200,0.1,5,10,0.0,0.0,,100.0,0,0,0.0,[],0.0,0.0,[],,,68.03,68.51,-40.92,1.67
64,TSLA,248.42,417.41,2024-01-02,2024-12-30,363,200,1.0,5,0,0.0,0.0,,100.0,0,0,0.0,[],0.0,0.0,[],,,68.03,68.51,-40.92,1.67
65,TSLA,248.42,417.41,2024-01-02,2024-12-30,363,200,1.0,5,1,0.0,0.0,,100.0,0,0,0.0,[],0.0,0.0,[],,,68.03,68.51,-40.92,1.67
66,TSLA,248.42,417.41,2024-01-02,2024-12-30,363,200,1.0,5,5,0.0,0.0,,100.0,0,0,0.0,[],0.0,0.0,[],,,68.03,68.51,-40.92,1.67
67,TSLA,248.42,417.41,2024-01-02,2024-12-30,363,200,1.0,5,10,0.0,0.0,,100.0,0,0,0.0,[],0.0,0.0,[],,,68.03,68.51,-40.92,1.67
68,TSLA,248.42,417.41,2024-01-02,2024-12-30,363,200,2.0,5,0,0.0,0.0,,100.0,0,0,0.0,[],0.0,0.0,[],,,68.03,68.51,-40.92,1.67
69,TSLA,248.42,417.41,2024-01-02,2024-12-30,363,200,2.0,5,1,0.0,0.0,,100.0,0,0,0.0,[],0.0,0.0,[],,,68.03,68.51,-40.92,1.67
70,TSLA,248.42,417.41,2024-01-02,2024-12-30,363,200,2.0,5,5,0.0,0.0,,100.0,0,0,0.0,[],0.0,0.0,[],,,68.03,68.51,-40.92,1.67
71,TSLA,248.42,417.41,2024-01-02,2024-12-30,363,200,2.0,5,10,0.0,0.0,,100.0,0,0,0.0,[],0.0,0.0,[],,,68.03,68.51,-40.92,1.67
72,TSLA,248.42,417.41,2024-01-02,2024-12-30,363,200,4.0,5,0,0.0,0.0,,100.0,0,0,0.0,[],0.0,0.0,[],,,68.03,68.51,-40.92,1.67
73,TSLA,248.42,417.41,2024-01-02,2024-12-30,363,200,4.0,5,1,0.0,0.0,,100.0,0,0,0.0,[],0.0,0.0,[],,,68.03,68.51,-40.92,1.67
74,TSLA,248.42,417.41,2024-01-02,2024-12-30,363,200,4.0,5,5,0.0,0.0,,100.0,0,0,0.0,[],0.0,0.0,[],,,68.03,68.51,-40.92,1.67
75,TSLA,248.42,417.41,2024-01-02,2024-12-30,363,200,4.0,5,10,0.0,0.0,,100.0,0,0,0.0,[],0.0,0.0,[],,,68.03,68.51,-40.92,1.67
76,TSLA,248.42,417.41,2024-01-02,2024-12-30,363,200,10.0,5,0,0.0,0.0,,100.0,0,0,0.0,[],0.0,0.0,[],,,68.03,68.51,-40.92,1.67
77,TSLA,248.42,417.41,2024-01-02,2024-12-30,363,200,10.0,5,1,0.0,0.0,,100.0,0,0,0.0,[],0.0,0.0,[],,,68.03,68.51,-40.92,1.67
78,TSLA,248.42,417.41,2024-01-02,2024-12-30,363,200,10.0,5,5,0.0,0.0,,100.0,0,0,0.0,[],0.0,0.0,[],,,68.03,68.51,-40.92,1.67
79,TSLA,248.42,417.41,2024-01-02,2024-12-30,363,200,10.0,5,10,0.0,0.0,,100.0,0,0,0.0,[],0.0,0.0,[],,,68.03,68.51,-40.92,1.67
80,TSLA,248.42,417.41,2024-01-02,2024-12-30,363,500,0.1,5,0,0.0,0.0,,100.0,0,0,0.0,[],0.0,0.0,[],,,68.03,68.51,-40.92,1.67
81,TSLA,248.42,417.41,2024-01-02,2024-12-30,363,500,0.1,5,1,0.0,0.0,,100.0,0,0,0.0,[],0.0,0.0,[],,,68.03,68.51,-40.92,1.67
82,TSLA,248.42,417.41,2024-01-02,2024-12-30,363,500,0.1,5,5,0.0,0.0,,100.0,0,0,0.0,[],0.0,0.0,[],,,68.03,68.51,-40.92,1.67
83,TSLA,248.42,417.41,2024-01-02,2024-12-30,363,500,0.1,5,10,0.0,0.0,,100.0,0,0,0.0,[],0.0,0.0,[],,,68.03,68.51,-40.92,1.67
84,TSLA,248.42,417.41,2024-01-02,2024-12-30,363,500,1.0,5,0,0.0,0.0,,100.0,0,0,0.0,[],0.0,0.0,[],,,68.03,68.51,-40.92,1.67
85,TSLA,248.42,417.41,2024-01-02,2024-12-30,363,500,1.0,5,1,0.0,0.0,,100.0,0,0,0.0,[],0.0,0.0,[],,,68.03,68.51,-40.92,1.67
86,TSLA,248.42,417.41,2024-01-02,2024-12-30,363,500,1.0,5,5,0.0,0.0,,100.0,0,0,0.0,[],0.0,0.0,[],,,68.03,68.51,-40.92,1.67
87,TSLA,248.42,417.41,2024-01-02,2024-12-30,363,500,1.0,5,10,0.0,0.0,,100.0,0,0,0.0,[],0.0,0.0,[],,,68.03,68.51,-40.92,1.67
88,TSLA,248.42,417.41,2024-01-02,2024-12-30,363,500,2.0,5,0,0.0,0.0,,100.0,0,0,0.0,[],0.0,0.0,[],,,68.03,68.51,-40.92,1.67
89,TSLA,248.42,417.41,2024-01-02,2024-12-30,363,500,2.0,5,1,0.0,0.0,,100.0,0,0,0.0,[],0.0,0.0,[],,,68.03,68.51,-40.92,1.67
90,TSLA,248.42,417.41,2024-01-02,2024-12-30,363,500,2.0,5,5,0.0,0.0,,100.0,0,0,0.0,[],0.0,0.0,[],,,68.03,68.51,-40.92,1.67
91,TSLA,248.42,417.41,2024-01-02,2024-12-30,363,500,2.0,5,10,0.0,0.0,,100.0,0,0,0.0,[],0.0,0.0,[],,,68.03,68.51,-40.92,1.67
92,TSLA,248.42,417.41,2024-01-02,2024-12-30,363,500,4.0,5,0,0.0,0.0,,100.0,0,0,0.0,[],0.0,0.0,[],,,68.03,68.51,-40.92,1.67
93,TSLA,248.42,417.41,2024-01-02,2024-12-30,363,500,4.0,5,1,0.0,0.0,,100.0,0,0,0.0,[],0.0,0.0,[],,,68.03,68.51,-40.92,1.67
94,TSLA,248.42,417.41,2024-01-02,2024-12-30,363,500,4.0,5,5,0.0,0.0,,100.0,0,0,0.0,[],0.0,0.0,[],,,68.03,68.51,-40.92,1.67
95,TSLA,248.42,417.41,2024-01-02,2024-12-30,363,500,4.0,5,10,0.0,0.0,,100.0,0,0,0.0,[],0.0,0.0,[],,,68.03,68.51,-40.92,1.67
96,TSLA,248.42,417.41,2024-01-02,2024-12-30,363,500,10.0,5,0,0.0,0.0,,100.0,0,0,0.0,[],0.0,0.0,[],,,68.03,68.51,-40.92,1.67
97,TSLA,248.42,417.41,2024-01-02,2024-12-30,363,500,10.0,5,1,0.0,0.0,,100.0,0,0,0.0,[],0.0,0.0,[],,,68.03,68.51,-40.92,1.67
98,TSLA,248.42,417.41,2024-01-02,2024-12-30,363,500,10.0,5,5,0.0,0.0,,100.0,0,0,0.0,[],0.0,0.0,[],,,68.03,68.51,-40.92,1.67
99,TSLA,248.42,417.41,2024-01-02,2024-12-30,363,500,10.0,5,10,0.0,0.0,,100.0,0,0,0.0,[],0.0,0.0,[],,,68.03,68.51,-40.92,1.67
100,TSLA,248.42,417.41,2024-01-02,2024-12-30,363,20,0.1,10,0,-15.24,117.94,7.74,217.01,8,7,87.5,"[27.67, 22.9, 13.99, 11.35, 9.76]",15.57,-4.04,[-12.38],14.08,-12.38,68.03,68.51,-40.92,1.67
101,TSLA,248.42,417.41,2024-01-02,2024-12-30,363,20,0.1,10,1,-16.86,61.03,3.62,160.61,8,7,87.5,"[19.33, 13.06, 8.45, 7.77, 7.45]",13.3,-3.54,[-10.82],8.9,-10.82,68.03,68.51,-40.92,1.67
102,TSLA,248.42,417.41,2024-01-02,2024-12-30,363,20,0.1,10,5,-18.64,53.83,2.89,153.47,7,3,42.86,"[38.53, 24.55, 10.62]",13.86,-7.32,"[-8.13, -5.31, -5.16, -2.53]",24.57,-5.28,68.03,68.51,-40.92,1.67
103,TSLA,248.42,417.41,2024-01-02,2024-12-30,363,20,0.1,10,10,-22.1,33.46,1.51,133.25,6,3,50.0,"[25.74, 20.06, 14.39]",14.65,-5.51,"[-14.91, -8.09, -1.34]",20.06,-8.11,68.03,68.51,-40.92,1.67
104,TSLA,248.42,417.41,2024-01-02,2024-12-30,363,20,1.0,10,0,-15.24,108.63,7.13,207.79,8,7,87.5,"[22.9, 22.25, 13.99, 11.35, 9.76]",14.62,-4.04,[-12.38],13.3,-12.38,68.03,68.51,-40.92,1.67
105,TSLA,248.42,417.41,2024-01-02,2024-12-30,363,20,1.0,10,1,-16.86,61.03,3.62,160.61,8,7,87.5,"[19.33, 13.06, 8.45, 7.77, 7.45]",13.3,-3.54,[-10.82],8.9,-10.82,68.03,68.51,-40.92,1.67
106,TSLA,248.42,417.41,2024-01-02,2024-12-30,363,20,1.0,10,5,-18.64,45.25,2.43,144.95,7,3,42.86,"[38.53, 24.55, 10.62]",13.64,-7.51,"[-13.23, -5.31, -5.16, -2.53]",24.57,-6.56,68.03,68.51,-40.92,1.67
107,TSLA,248.42,417.41,2024-01-02,2024-12-30,363,20,1.0,10,10,-22.1,33.46,1.51,133.25,6,3,50.0,"[25.74, 20.06, 14.39]",14.65,-5.51,"[-14.91, -8.09, -1.34]",20.06,-8.11,68.03,68.51,-40.92,1.67
108,TSLA,248.42,417.41,2024-01-02,2024-12-30,363,20,2.0,10,0,-12.25,108.79,8.88,207.95,7,7,100.0,"[22.25, 13.99, 11.35, 9.76, 7.77]",14.17,-2.85,[],11.14,,68.03,68.51,-40.92,1.67
109,TSLA,248.42,417.41,2024-01-02,2024-12-30,363,20,2.0,10,1,-13.54,69.37,5.12,168.88,7,7,100.0,"[19.33, 13.06, 8.45, 7.45, 3.24]",13.36,-2.66,[],7.94,,68.03,68.51,-40.92,1.67
110,TSLA,248.42,417.41,2024-01-02,2024-12-30,363,20,2.0,10,5,-15.81,52.17,3.3,151.82,6,3,50.0,"[38.53, 24.55, 10.62]",16.36,-5.25,"[-13.23, -5.16, -3.33]",24.57,-7.24,68.03,68.51,-40.92,1.67
111,TSLA,248.42,417.41,2024-01-02,2024-12-30,363,20,2.0,10,10,-11.09,34.68,3.13,134.46,5,3,60.0,"[25.74, 14.39, 3.08]",13.06,-2.8,"[-8.09, -1.34]",14.4,-4.72,68.03,68.51,-40.92,1.67
112,TSLA,248.42,417.41,2024-01-02,2024-12-30,363,20,4.0,10,0,-13.33,91.31,6.85,190.63,7,7,100.0,"[23.38, 13.99, 9.76, 7.77, 6.91]",13.23,-3.6,[],9.85,,68.03,68.51,-40.92,1.67
113,TSLA,248.42,417.41,2024-01-02,2024-12-30,363,20,4.0,10,1,-12.96,93.87,7.25,193.16,6,6,100.0,"[33.28, 19.33, 13.06, 3.24, 2.97]",17.41,-2.99,[],12.16,,68.03,68.51,-40.92,1.67
114,TSLA,248.42,417.41,2024-01-02,2024-12-30,363,20,4.0,10,5,-15.68,78.05,4.98,177.49,5,3,60.0,"[40.52, 24.55, 10.62]",20.02,-3.14,"[-5.16, -3.33]",25.23,-4.24,68.03,68.51,-40.92,1.67
115,TSLA,248.42,417.41,2024-01-02,2024-12-30,363,20,4.0,10,10,-11.09,15.0,1.35,114.91,5,3,60.0,"[14.39, 7.45, 3.08]",9.16,-2.8,"[-8.09, -1.34]",8.31,-4.72,68.03,68.51,-40.92,1.67
116,TSLA,248.42,417.41,2024-01-02,2024-12-30,363,20,10.0,10,0,-12.0,32.2,2.68,131.99,3,3,100.0,"[13.99, 7.77, 7.45]",15.84,-2.26,[],9.74,,68.03,68.51,-40.92,1.67
117,TSLA,248.42,417.41,2024-01-02,2024-12-30,363,20,10.0,10,1,-19.13,22.11,1.16,121.97,3,3,100.0,"[19.33, 1.15, 1.05]",13.4,-4.36,[],7.18,,68.03,68.51,-40.92,1.67
118,TSLA,248.42,417.41,2024-01-02,2024-12-30,363,20,10.0,10,5,-24.91,-1.23,-0.05,98.78,3,1,33.33,[24.55],14.24,-9.06,"[-17.96, -3.33]",24.55,-10.64,68.03,68.51,-40.92,1.67
119,TSLA,248.42,417.41,2024-01-02,2024-12-30,363,20,10.0,10,10,-16.11,10.18,0.63,110.12,3,2,66.67,"[14.39, 3.08]",8.63,-5.55,[-6.61],8.74,-6.61,68.03,68.51,-40.92,1.67
120,TSLA,248.42,417.41,2024-01-02,2024-12-30,363,50,0.1,10,0,-13.01,65.22,5.01,164.77,7,6,85.71,"[22.25, 13.99, 9.76, 8.45, 7.77]",11.9,-4.83,[-13.01],11.36,-13.01,68.03,68.51,-40.92,1.67
121,TSLA,248.42,417.41,2024-01-02,2024-12-30,363,50,0.1,10,1,-11.89,59.16,4.98,158.76,7,6,85.71,"[19.33, 17.89, 13.06, 2.97, 1.15]",12.32,-3.36,[-5.16],9.24,-5.16,68.03,68.51,-40.92,1.67
122,TSLA,248.42,417.41,2024-01-02,2024-12-30,363,50,0.1,10,5,-19.72,44.51,2.26,144.22,6,3,50.0,"[38.21, 24.55, 10.62]",15.46,-6.05,"[-13.23, -9.71, -3.33]",24.46,-8.76,68.03,68.51,-40.92,1.67
123,TSLA,248.42,417.41,2024-01-02,2024-12-30,363,50,0.1,10,10,-11.09,48.87,4.41,148.54,4,3,75.0,"[27.67, 14.39, 3.08]",16.24,-1.48,[-1.34],15.05,-1.34,68.03,68.51,-40.92,1.67
124,TSLA,248.42,417.41,2024-01-02,2024-12-30,363,50,1.0,10,0,-13.01,65.22,5.01,164.77,7,6,85.71,"[22.25, 13.99, 9.76, 8.45, 7.77]",11.9,-4.83,[-13.01],11.36,-13.01,68.03,68.51,-40.92,1.67
125,TSLA,248.42,417.41,2024-01-02,2024-12-30,363,50,1.0,10,1,-11.89,59.16,4.98,158.76,7,6,85.71,"[19.33, 17.89, 13.06, 2.97, 1.15]",12.32,-3.36,[-5.16],9.24,-5.16,68.03,68.51,-40.92,1.67
126,TSLA,248.42,417.41,2024-01-02,2024-12-30,363,50,1.0,10,5,-19.72,44.51,2.26,144.22,6,3,50.0,"[38.21, 24.55, 10.62]",15.46,-6.05,"[-13.23, -9.71, -3.33]",24.46,-8.76,68.03,68.51,-40.92,1.67
127,TSLA,248.42,417.41,2024-01-02,2024-12-30,363,50,1.0,10,10,-11.09,48.87,4.41,148.54,4,3,75.0,"[27.67, 14.39, 3.08]",16.24,-1.48,[-1.34],15.05,-1.34,68.03,68.51,-40.92,1.67
128,TSLA,248.42,417.41,2024-01-02,2024-12-30,363,50,2.0,10,0,-13.01,65.22,5.01,164.77,7,6,85.71,"[22.25, 13.99, 9.76, 8.45, 7.77]",11.9,-4.83,[-13.01],11.36,-13.01,68.03,68.51,-40.92,1.67
129,TSLA,248.42,417.41,2024-01-02,2024-12-30,363,50,2.0,10,1,-11.89,59.16,4.98,158.76,7,6,85.71,"[19.33, 17.89, 13.06, 2.97, 1.15]",12.32,-3.36,[-5.16],9.24,-5.16,68.03,68.51,-40.92,1.67
130,TSLA,248.42,417.41,2024-01-02,2024-12-30,363,50,2.0,10,5,-19.72,44.51,2.26,144.22,6,3,50.0,"[38.21, 24.55, 10.62]",15.46,-6.05,"[-13.23, -9.71, -3.33]",24.46,-8.76,68.03,68.51,-40.92,1.67
131,TSLA,248.42,417.41,2024-01-02,2024-12-30,363,50,2.0,10,10,-11.09,48.87,4.41,148.54,4,3,75.0,"[27.67, 14.39, 3.08]",16.24,-1.48,[-1.34],15.05,-1.34,68.03,68.51,-40.92,1.67
132,TSLA,248.42,417.41,2024-01-02,2024-12-30,363,50,4.0,10,0,-11.09,75.21,6.78,174.67,5,5,100.0,"[22.25, 13.99, 9.76, 7.77, 5.97]",14.97,-3.67,[],11.95,,68.03,68.51,-40.92,1.67
133,TSLA,248.42,417.41,2024-01-02,2024-12-30,363,50,4.0,10,1,-11.89,51.18,4.31,150.84,5,5,100.0,"[19.33, 13.06, 7.45, 2.97, 1.05]",14.06,-3.23,[],8.77,,68.03,68.51,-40.92,1.67
134,TSLA,248.42,417.41,2024-01-02,2024-12-30,363,50,4.0,10,5,-14.13,25.24,1.79,125.09,4,2,50.0,"[24.55, 10.62]",13.73,-4.84,"[-6.08, -3.33]",17.58,-4.7,68.03,68.51,-40.92,1.67
135,TSLA,248.42,417.41,2024-01-02,2024-12-30,363,50,4.0,10,10,-18.74,0.96,0.05,100.95,4,2,50.0,"[14.39, 3.08]",7.98,-5.43,"[-13.23, -1.34]",8.74,-7.28,68.03,68.51,-40.92,1.67
136,TSLA,248.42,417.41,2024-01-02,2024-12-30,363,50,10.0,10,0,-12.0,32.2,2.68,131.99,3,3,100.0,"[13.99, 7.77, 7.45]",15.84,-2.26,[],9.74,,68.03,68.51,-40.92,1.67
137,TSLA,248.42,417.41,2024-01-02,2024-12-30,363,50,10.0,10,1,-19.13,22.11,1.16,121.97,3,3,100.0,"[19.33, 1.15, 1.05]",13.4,-4.36,[],7.18,,68.03,68.51,-40.92,1.67
138,TSLA,248.42,417.41,2024-01-02,2024-12-30,363,50,10.0,10,5,-24.91,-1.23,-0.05,98.78,3,1,33.33,[24.55],14.24,-9.06,"[-17.96, -3.33]",24.55,-10.64,68.03,68.51,-40.92,1.67
139,TSLA,248.42,417.41,2024-01-02,2024-12-30,363,50,10.0,10,10,-16.11,10.18,0.63,110.12,3,2,66.67,"[14.39, 3.08]",8.63,-5.55,[-6.61],8.74,-6.61,68.03,68.51,-40.92,1.67
140,TSLA,248.42,417.41,2024-01-02,2024-12-30,363,100,0.1,10,0,-13.18,19.2,1.46,119.08,4,3,75.0,"[13.99, 9.76, 7.45]",9.4,-5.77,[-11.42],10.4,-11.42,68.03,68.51,-40.92,1.67
141,TSLA,248.42,417.41,2024-01-02,2024-12-30,363,100,0.1,10,1,-14.6,20.52,1.41,120.4,4,3,75.0,"[19.33, 2.97, 1.15]",8.58,-6.33,[-3.13],7.82,-3.13,68.03,68.51,-40.92,1.67
142,TSLA,248.42,417.41,2024-01-02,2024-12-30,363,100,0.1,10,5,-24.49,-3.26,-0.13,96.76,3,1,33.33,[24.55],13.36,-9.86,"[-17.96, -5.31]",24.55,-11.64,68.03,68.51,-40.92,1.67
143,TSLA,248.42,417.41,2024-01-02,2024-12-30,363,100,0.1,10,10,-17.67,9.91,0.56,109.85,3,2,66.67,"[14.39, 2.83]",9.22,-4.36,[-6.61],8.61,-6.61,68.03,68.51,-40.92,1.67
144,TSLA,248.42,417.41,2024-01-02,2024-12-30,363,100,1.0,10,0,-13.18,19.2,1.46,119.08,4,3,75.0,"[13.99, 9.76, 7.45]",9.4,-5.77,[-11.42],10.4,-11.42,68.03,68.51,-40.92,1.67
145,TSLA,248.42,417.41,2024-01-02,2024-12-30,363,100,1.0,10,1,-14.6,20.52,1.41,120.4,4,3,75.0,"[19.33, 2.97, 1.15]",8.58,-6.33,[-3.13],7.82,-3.13,68.03,68.51,-40.92,1.67
146,TSLA,248.42,417.41,2024-01-02,2024-12-30,363,100,1.0,10,5,-24.49,-3.26,-0.13,96.76,3,1,33.33,[24.55],13.36,-9.86,"[-17.96, -5.31]",24.55,-11.64,68.03,68.51,-40.92,1.67
147,TSLA,248.42,417.41,2024-01-02,2024-12-30,363,100,1.0,10,10,-17.67,9.91,0.56,109.85,3,2,66.67,"[14.39, 2.83]",9.22,-4.36,[-6.61],8.61,-6.61,68.03,68.51,-40.92,1.67
148,TSLA,248.42,417.41,2024-01-02,2024-12-30,363,100,2.0,10,0,-13.18,19.2,1.46,119.08,4,3,75.0,"[13.99, 9.76, 7.45]",9.4,-5.77,[-11.42],10.4,-11.42,68.03,68.51,-40.92,1.67
149,TSLA,248.42,417.41,2024-01-02,2024-12-30,363,100,2.0,10,1,-14.6,20.52,1.41,120.4,4,3,75.0,"[19.33, 2.97, 1.15]",8.58,-6.33,[-3.13],7.82,-3.13,68.03,68.51,-40.92,1.67
150,TSLA,248.42,417.41,2024-01-02,2024-12-30,363,100,2.0,10,5,-24.49,-3.26,-0.13,96.76,3,1,33.33,[24.55],13.36,-9.86,"[-17.96, -5.31]",24.55,-11.64,68.03,68.51,-40.92,1.67
151,TSLA,248.42,417.41,2024-01-02,2024-12-30,363,100,2.0,10,10,-17.67,9.91,0.56,109.85,3,2,66.67,"[14.39, 2.83]",9.22,-4.36,[-6.61],8.61,-6.61,68.03,68.51,-40.92,1.67
152,TSLA,248.42,417.41,2024-01-02,2024-12-30,363,100,4.0,10,0,-13.18,19.2,1.46,119.08,4,3,75.0,"[13.99, 9.76, 7.45]",9.4,-5.77,[-11.42],10.4,-11.42,68.03,68.51,-40.92,1.67
153,TSLA,248.42,417.41,2024-01-02,2024-12-30,363,100,4.0,10,1,-14.6,20.52,1.41,120.4,4,3,75.0,"[19.33, 2.97, 1.15]",8.58,-6.33,[-3.13],7.82,-3.13,68.03,68.51,-40.92,1.67
154,TSLA,248.42,417.41,2024-01-02,2024-12-30,363,100,4.0,10,5,-24.49,-3.26,-0.13,96.76,3,1,33.33,[24.55],13.36,-9.86,"[-17.96, -5.31]",24.55,-11.64,68.03,68.51,-40.92,1.67
155,TSLA,248.42,417.41,2024-01-02,2024-12-30,363,100,4.0,10,10,-17.67,9.91,0.56,109.85,3,2,66.67,"[14.39, 2.83]",9.22,-4.36,[-6.61],8.61,-6.61,68.03,68.51,-40.92,1.67
156,TSLA,248.42,417.41,2024-01-02,2024-12-30,363,100,10.0,10,0,-13.18,8.54,0.65,108.5,3,2,66.67,"[13.99, 7.45]",9.28,-6.65,[-11.42],10.72,-11.42,68.03,68.51,-40.92,1.67
157,TSLA,248.42,417.41,2024-01-02,2024-12-30,363,100,10.0,10,1,-14.6,17.03,1.17,116.93,3,2,66.67,"[19.33, 1.15]",9.0,-6.68,[-3.13],10.24,-3.13,68.03,68.51,-40.92,1.67
158,TSLA,248.42,417.41,2024-01-02,2024-12-30,363,100,10.0,10,5,-24.49,-3.26,-0.13,96.76,3,1,33.33,[24.55],13.36,-9.86,"[-17.96, -5.31]",24.55,-11.64,68.03,68.51,-40.92,1.67
159,TSLA,248.42,417.41,2024-01-02,2024-12-30,363,100,10.0,10,10,-17.67,9.91,0.56,109.85,3,2,66.67,"[14.39, 2.83]",9.22,-4.36,[-6.61],8.61,-6.61,68.03,68.51,-40.92,1.67
160,TSLA,248.42,417.41,2024-01-02,2024-12-30,363,200,0.1,10,0,0.0,0.0,,100.0,0,0,0.0,[],0.0,0.0,[],,,68.03,68.51,-40.92,1.67
161,TSLA,248.42,417.41,2024-01-02,2024-12-30,363,200,0.1,10,1,0.0,0.0,,100.0,0,0,0.0,[],0.0,0.0,[],,,68.03,68.51,-40.92,1.67
162,TSLA,248.42,417.41,2024-01-02,2024-12-30,363,200,0.1,10,5,0.0,0.0,,100.0,0,0,0.0,[],0.0,0.0,[],,,68.03,68.51,-40.92,1.67
163,TSLA,248.42,417.41,2024-01-02,2024-12-30,363,200,0.1,10,10,0.0,0.0,,100.0,0,0,0.0,[],0.0,0.0,[],,,68.03,68.51,-40.92,1.67
164,TSLA,248.42,417.41,2024-01-02,2024-12-30,363,200,1.0,10,0,0.0,0.0,,100.0,0,0,0.0,[],0.0,0.0,[],,,68.03,68.51,-40.92,1.67
165,TSLA,248.42,417.41,2024-01-02,2024-12-30,363,200,1.0,10,1,0.0,0.0,,100.0,0,0,0.0,[],0.0,0.0,[],,,68.03,68.51,-40.92,1.67
166,TSLA,248.42,417.41,2024-01-02,2024-12-30,363,200,1.0,10,5,0.0,0.0,,100.0,0,0,0.0,[],0.0,0.0,[],,,68.03,68.51,-40.92,1.67
167,TSLA,248.42,417.41,2024-01-02,2024-12-30,363,200,1.0,10,10,0.0,0.0,,100.0,0,0,0.0,[],0.0,0.0,[],,,68.03,68.51,-40.92,1.67
168,TSLA,248.42,417.41,2024-01-02,2024-12-30,363,200,2.0,10,0,0.0,0.0,,100.0,0,0,0.0,[],0.0,0.0,[],,,68.03,68.51,-40.92,1.67
169,TSLA,248.42,417.41,2024-01-02,2024-12-30,363,200,2.0,10,1,0.0,0.0,,100.0,0,0,0.0,[],0.0,0.0,[],,,68.03,68.51,-40.92,1.67
170,TSLA,248.42,417.41,2024-01-02,2024-12-30,363,200,2.0,10,5,0.0,0.0,,100.0,0,0,0.0,[],0.0,0.0,[],,,68.03,68.51,-40.92,1.67
171,TSLA,248.42,417.41,2024-01-02,2024-12-30,363,200,2.0,10,10,0.0,0.0,,100.0,0,0,0.0,[],0.0,0.0,[],,,68.03,68.51,-40.92,1.67
172,TSLA,248.42,417.41,2024-01-02,2024-12-30,363,200,4.0,10,0,0.0,0.0,,100.0,0,0,0.0,[],0.0,0.0,[],,,68.03,68.51,-40.92,1.67
173,TSLA,248.42,417.41,2024-01-02,2024-12-30,363,200,4.0,10,1,0.0,0.0,,100.0,0,0,0.0,[],0.0,0.0,[],,,68.03,68.51,-40.92,1.67
174,TSLA,248.42,417.41,2024-01-02,2024-12-30,363,200,4.0,10,5,0.0,0.0,,100.0,0,0,0.0,[],0.0,0.0,[],,,68.03,68.51,-40.92,1.67
175,TSLA,248.42,417.41,2024-01-02,2024-12-30,363,200,4.0,10,10,0.0,0.0,,100.0,0,0,0.0,[],0.0,0.0,[],,,68.03,68.51,-40.92,1.67
176,TSLA,248.42,417.41,2024-01-02,2024-12-30,363,200,10.0,10,0,0.0,0.0,,100.0,0,0,0.0,[],0.0,0.0,[],,,68.03,68.51,-40.92,1.67
177,TSLA,248.42,417.41,2024-01-02,2024-12-30,363,200,10.0,10,1,0.0,0.0,,100.0,0,0,0.0,[],0.0,0.0,[],,,68.03,68.51,-40.92,1.67
178,TSLA,248.42,417.41,2024-01-02,2024-12-30,363,200,10.0,10,5,0.0,0.0,,100.0,0,0,0.0,[],0.0,0.0,[],,,68.03,68.51,-40.92,1.67
179,TSLA,248.42,417.41,2024-01-02,2024-12-30,363,200,10.0,10,10,0.0,0.0,,100.0,0,0,0.0,[],0.0,0.0,[],,,68.03,68.51,-40.92,1.67
180,TSLA,248.42,417.41,2024-01-02,2024-12-30,363,500,0.1,10,0,0.0,0.0,,100.0,0,0,0.0,[],0.0,0.0,[],,,68.03,68.51,-40.92,1.67
181,TSLA,248.42,417.41,2024-01-02,2024-12-30,363,500,0.1,10,1,0.0,0.0,,100.0,0,0,0.0,[],0.0,0.0,[],,,68.03,68.51,-40.92,1.67
182,TSLA,248.42,417.41,2024-01-02,2024-12-30,363,500,0.1,10,5,0.0,0.0,,100.0,0,0,0.0,[],0.0,0.0,[],,,68.03,68.51,-40.92,1.67
183,TSLA,248.42,417.41,2024-01-02,2024-12-30,363,500,0.1,10,10,0.0,0.0,,100.0,0,0,0.0,[],0.0,0.0,[],,,68.03,68.51,-40.92,1.67
184,TSLA,248.42,417.41,2024-01-02,2024-12-30,363,500,1.0,10,0,0.0,0.0,,100.0,0,0,0.0,[],0.0,0.0,[],,,68.03,68.51,-40.92,1.67
185,TSLA,248.42,417.41,2024-01-02,2024-12-30,363,500,1.0,10,1,0.0,0.0,,100.0,0,0,0.0,[],0.0,0.0,[],,,68.03,68.51,-40.92,1.67
186,TSLA,248.42,417.41,2024-01-02,2024-12-30,363,500,1.0,10,5,0.0,0.0,,100.0,0,0,0.0,[],0.0,0.0,[],,,68.03,68.51,-40.92,1.67
187,TSLA,248.42,417.41,2024-01-02,2024-12-30,363,500,1.0,10,10,0.0,0.0,,100.0,0,0,0.0,[],0.0,0.0,[],,,68.03,68.51,-40.92,1.67
188,TSLA,248.42,417.41,2024-01-02,2024-12-30,363,500,2.0,10,0,0.0,0.0,,100.0,0,0,0.0,[],0.0,0.0,[],,,68.03,68.51,-40.92,1.67
189,TSLA,248.42,417.41,2024-01-02,2024-12-30,363,500,2.0,10,1,0.0,0.0,,100.0,0,0,0.0,[],0.0,0.0,[],,,68.03,68.51,-40.92,1.67
190,TSLA,248.42,417.41,2024-01-02,2024-12-30,363,500,2.0,10,5,0.0,0.0,,100.0,0,0,0.0,[],0.0,0.0,[],,,68.03,68.51,-40.92,1.67
191,TSLA,248.42,417.41,2024-01-02,2024-12-30,363,500,2.0,10,10,0.0,0.0,,100.0,0,0,0.0,[],0.0,0.0,[],,,68.03,68.51,-40.92,1.67
192,TSLA,248.42,417.41,2024-01-02,2024-12-30,363,500,4.0,10,0,0.0,0.0,,100.0,0,0,0.0,[],0.0,0.0,[],,,68.03,68.51,-40.92,1.67
193,TSLA,248.42,417.41,2024-01-02,2024-12-30,363,500,4.0,10,1,0.0,0.0,,100.0,0,0,0.0,[],0.0,0.0,[],,,68.03,68.51,-40.92,1.67
194,TSLA,248.42,417.41,2024-01-02,2024-12-30,363,500,4.0,10,5,0.0,0.0,,100.0,0,0,0.0,[],0.0,0.0,[],,,68.03,68.51,-40.92,1.67
195,TSLA,248.42,417.41,2024-01-02,2024-12-30,363,500,4.0,10,10,0.0,0.0,,100.0,0,0,0.0,[],0.0,0.0,[],,,68.03,68.51,-40.92,1.67
196,TSLA,248.42,417.41,2024-01-02,2024-12-30,363,500,10.0,10,0,0.0,0.0,,100.0,0,0,0.0,[],0.0,0.0,[],,,68.03,68.51,-40.92,1.67
197,TSLA,248.42,417.41,2024-01-02,2024-12-30,363,500,10.0,10,1,0.0,0.0,,100.0,0,0,0.0,[],0.0,0.0,[],,,68.03,68.51,-40.92,1.67
198,TSLA,248.42,417.41,2024-01-02,2024-12-30,363,500,10.0,10,5,0.0,0.0,,100.0,0,0,0.0,[],0.0,0.0,[],,,68.03,68.51,-40.92,1.67
199,TSLA,248.42,417.41,2024-01-02,2024-12-30,363,500,10.0,10,10,0.0,0.0,,100.0,0,0,0.0,[],0.0,0.0,[],,,68.03,68.51,-40.92,1.67
200,TSLA,248.42,417.41,2024-01-02,2024-12-30,363,20,0.1,15,0,-19.69,51.7,2.63,151.35,7,3,42.86,"[41.87, 19.46, 10.45]",15.48,-8.82,"[-9.84, -8.24, -1.73, -0.54]",23.93,-5.09,68.03,68.51,-40.92,1.67
201,TSLA,248.42,417.41,2024-01-02,2024-12-30,363,20,0.1,15,1,-19.69,87.31,4.43,186.66,7,5,71.43,"[38.62, 23.6, 19.14, 2.06, 1.81]",16.58,-7.47,"[-11.85, -0.17]",17.05,-6.01,68.03,68.51,-40.92,1.67
202,TSLA,248.42,417.41,2024-01-02,2024-12-30,363,20,0.1,15,5,-28.11,49.75,1.77,149.42,6,4,66.67,"[36.71, 35.94, 4.72, 3.1]",19.18,-8.62,"[-21.48, -5.16]",20.12,-13.32,68.03,68.51,-40.92,1.67
203,TSLA,248.42,417.41,2024-01-02,2024-12-30,363,20,0.1,15,10,-11.38,45.66,4.01,145.36,5,3,60.0,"[21.16, 16.25, 14.7]",17.76,-3.13,"[-8.09, -2.11]",17.37,-5.1,68.03,68.51,-40.92,1.67
204,TSLA,248.42,417.41,2024-01-02,2024-12-30,363,20,1.0,15,0,-22.58,40.23,1.78,139.97,7,3,42.86,"[41.87, 19.46, 10.45]",14.94,-9.25,"[-15.14, -9.84, -1.73, -0.54]",23.93,-6.81,68.03,68.51,-40.92,1.67
205,TSLA,248.42,417.41,2024-01-02,2024-12-30,363,20,1.0,15,1,-19.69,87.31,4.43,186.66,7,5,71.43,"[38.62, 23.6, 19.14, 2.06, 1.81]",16.58,-7.47,"[-11.85, -0.17]",17.05,-6.01,68.03,68.51,-40.92,1.67
206,TSLA,248.42,417.41,2024-01-02,2024-12-30,363,20,1.0,15,5,-28.11,49.75,1.77,149.42,6,4,66.67,"[36.71, 35.94, 4.72, 3.1]",19.18,-8.62,"[-21.48, -5.16]",20.12,-13.32,68.03,68.51,-40.92,1.67
207,TSLA,248.42,417.41,2024-01-02,2024-12-30,363,20,1.0,15,10,-11.38,45.66,4.01,145.36,5,3,60.0,"[21.16, 16.25, 14.7]",17.76,-3.13,"[-8.09, -2.11]",17.37,-5.1,68.03,68.51,-40.92,1.67
208,TSLA,248.42,417.41,2024-01-02,2024-12-30,363,20,2.0,15,0,-22.58,68.0,3.01,167.52,6,4,66.67,"[41.87, 19.46, 10.45, 7.32]",20.15,-5.77,"[-15.14, -1.73]",19.77,-8.44,68.03,68.51,-40.92,1.67
209,TSLA,248.42,417.41,2024-01-02,2024-12-30,363,20,2.0,15,1,-17.96,85.19,4.74,184.57,6,4,66.67,"[38.62, 23.6, 19.14, 2.74]",20.17,-5.25,"[-11.85, -0.17]",21.02,-6.01,68.03,68.51,-40.92,1.67
210,TSLA,248.42,417.41,2024-01-02,2024-12-30,363,20,2.0,15,5,-11.09,85.32,7.69,184.7,5,4,80.0,"[36.71, 35.94, 4.72, 0.07]",21.52,-3.14,[-5.16],19.36,-5.16,68.03,68.51,-40.92,1.67
211,TSLA,248.42,417.41,2024-01-02,2024-12-30,363,20,2.0,15,10,-11.25,29.87,2.65,129.68,5,3,60.0,"[21.16, 16.25, 2.33]",13.23,-2.8,"[-8.09, -2.11]",13.25,-5.1,68.03,68.51,-40.92,1.67
212,TSLA,248.42,417.41,2024-01-02,2024-12-30,363,20,4.0,15,0,-13.18,96.15,7.29,195.43,5,4,80.0,"[40.45, 19.46, 10.45, 7.32]",23.83,-4.02,[-1.73],19.42,-1.73,68.03,68.51,-40.92,1.67
213,TSLA,248.42,417.41,2024-01-02,2024-12-30,363,20,4.0,15,1,-13.18,97.67,7.41,196.94,5,4,80.0,"[30.39, 23.6, 19.14, 2.74]",24.97,-2.57,[-0.17],18.97,-0.17,68.03,68.51,-40.92,1.67
214,TSLA,248.42,417.41,2024-01-02,2024-12-30,363,20,4.0,15,5,-11.09,79.77,7.19,179.19,5,4,80.0,"[35.94, 32.64, 4.72, 0.07]",20.63,-3.14,[-5.16],18.34,-5.16,68.03,68.51,-40.92,1.67
215,TSLA,248.42,417.41,2024-01-02,2024-12-30,363,20,4.0,15,10,-19.86,-0.04,-0.0,99.96,5,2,40.0,"[16.25, 2.33]",9.33,-4.12,"[-8.09, -6.6, -2.11]",9.29,-5.6,68.03,68.51,-40.92,1.67
216,TSLA,248.42,417.41,2024-01-02,2024-12-30,363,20,10.0,15,0,-23.51,19.86,0.84,119.74,3,2,66.67,"[19.46, 7.32]",22.63,-4.46,[-6.6],13.39,-6.6,68.03,68.51,-40.92,1.67
217,TSLA,248.42,417.41,2024-01-02,2024-12-30,363,20,10.0,15,1,-27.34,9.47,0.35,109.42,3,2,66.67,"[19.14, 2.74]",16.97,-7.75,[-10.61],10.94,-10.61,68.03,68.51,-40.92,1.67
218,TSLA,248.42,417.41,2024-01-02,2024-12-30,363,20,10.0,15,5,-20.81,20.03,0.96,119.91,3,2,66.67,"[35.94, 0.07]",14.58,-9.06,[-11.85],18.0,-11.85,68.03,68.51,-40.92,1.67
219,TSLA,248.42,417.41,2024-01-02,2024-12-30,363,20,10.0,15,10,-26.06,-8.25,-0.32,91.8,3,2,66.67,"[16.25, 2.33]",8.92,-8.8,[-22.83],9.29,-22.83,68.03,68.51,-40.92,1.67
220,TSLA,248.42,417.41,2024-01-02,2024-12-30,363,50,0.1,15,0,-22.66,45.19,1.99,144.89,6,4,66.67,"[38.62, 19.46, 10.45, 7.32]",17.45,-8.05,"[-15.14, -13.01]",18.96,-14.08,68.03,68.51,-40.92,1.67
221,TSLA,248.42,417.41,2024-01-02,2024-12-30,363,50,0.1,15,1,-13.18,112.32,8.52,211.45,5,4,80.0,"[47.37, 23.6, 19.14, 2.74]",24.01,-3.21,[-5.16],23.21,-5.16,68.03,68.51,-40.92,1.67
222,TSLA,248.42,417.41,2024-01-02,2024-12-30,363,50,0.1,15,5,-12.38,78.12,6.31,177.56,5,4,80.0,"[38.05, 35.94, 4.72, 0.07]",20.29,-4.09,[-9.71],19.69,-9.71,68.03,68.51,-40.92,1.67
223,TSLA,248.42,417.41,2024-01-02,2024-12-30,363,50,0.1,15,10,-11.09,48.33,4.36,148.01,4,3,75.0,"[27.1, 16.25, 2.33]",16.46,-1.48,[-2.11],15.23,-2.11,68.03,68.51,-40.92,1.67
224,TSLA,248.42,417.41,2024-01-02,2024-12-30,363,50,1.0,15,0,-22.66,45.19,1.99,144.89,6,4,66.67,"[38.62, 19.46, 10.45, 7.32]",17.45,-8.05,"[-15.14, -13.01]",18.96,-14.08,68.03,68.51,-40.92,1.67
225,TSLA,248.42,417.41,2024-01-02,2024-12-30,363,50,1.0,15,1,-13.18,112.32,8.52,211.45,5,4,80.0,"[47.37, 23.6, 19.14, 2.74]",24.01,-3.21,[-5.16],23.21,-5.16,68.03,68.51,-40.92,1.67
226,TSLA,248.42,417.41,2024-01-02,2024-12-30,363,50,1.0,15,5,-12.38,78.12,6.31,177.56,5,4,80.0,"[38.05, 35.94, 4.72, 0.07]",20.29,-4.09,[-9.71],19.69,-9.71,68.03,68.51,-40.92,1.67
227,TSLA,248.42,417.41,2024-01-02,2024-12-30,363,50,1.0,15,10,-11.09,48.33,4.36,148.01,4,3,75.0,"[27.1, 16.25, 2.33]",16.46,-1.48,[-2.11],15.23,-2.11,68.03,68.51,-40.92,1.67
228,TSLA,248.42,417.41,2024-01-02,2024-12-30,363,50,2.0,15,0,-22.66,45.19,1.99,144.89,6,4,66.67,"[38.62, 19.46, 10.45, 7.32]",17.45,-8.05,"[-15.14, -13.01]",18.96,-14.08,68.03,68.51,-40.92,1.67
229,TSLA,248.42,417.41,2024-01-02,2024-12-30,363,50,2.0,15,1,-13.18,112.32,8.52,211.45,5,4,80.0,"[47.37, 23.6, 19.14, 2.74]",24.01,-3.21,[-5.16],23.21,-5.16,68.03,68.51,-40.92,1.67
230,TSLA,248.42,417.41,2024-01-02,2024-12-30,363,50,2.0,15,5,-12.38,78.12,6.31,177.56,5,4,80.0,"[38.05, 35.94, 4.72, 0.07]",20.29,-4.09,[-9.71],19.69,-9.71,68.03,68.51,-40.92,1.67
231,TSLA,248.42,417.41,2024-01-02,2024-12-30,363,50,2.0,15,10,-11.09,48.33,4.36,148.01,4,3,75.0,"[27.1, 16.25, 2.33]",16.46,-1.48,[-2.11],15.23,-2.11,68.03,68.51,-40.92,1.67
232,TSLA,248.42,417.41,2024-01-02,2024-12-30,363,50,4.0,15,0,-14.32,66.71,4.66,166.24,4,4,100.0,"[19.46, 17.4, 10.45, 7.32]",22.8,-3.8,[],13.66,,68.03,68.51,-40.92,1.67
233,TSLA,248.42,417.41,2024-01-02,2024-12-30,363,50,4.0,15,1,-17.96,41.57,2.32,141.3,4,3,75.0,"[23.6, 19.14, 2.74]",20.37,-4.38,[-6.6],15.16,-6.6,68.03,68.51,-40.92,1.67
234,TSLA,248.42,417.41,2024-01-02,2024-12-30,363,50,4.0,15,5,-20.53,21.01,1.02,120.89,4,3,75.0,"[35.94, 4.72, 0.07]",14.49,-7.05,[-15.14],13.58,-15.14,68.03,68.51,-40.92,1.67
235,TSLA,248.42,417.41,2024-01-02,2024-12-30,363,50,4.0,15,10,-26.81,-8.98,-0.33,91.07,4,2,50.0,"[16.25, 2.33]",8.2,-7.1,"[-21.8, -2.11]",9.29,-11.96,68.03,68.51,-40.92,1.67
236,TSLA,248.42,417.41,2024-01-02,2024-12-30,363,50,10.0,15,0,-23.51,19.86,0.84,119.74,3,2,66.67,"[19.46, 7.32]",22.63,-4.46,[-6.6],13.39,-6.6,68.03,68.51,-40.92,1.67
237,TSLA,248.42,417.41,2024-01-02,2024-12-30,363,50,10.0,15,1,-27.34,9.47,0.35,109.42,3,2,66.67,"[19.14, 2.74]",16.97,-7.75,[-10.61],10.94,-10.61,68.03,68.51,-40.92,1.67
238,TSLA,248.42,417.41,2024-01-02,2024-12-30,363,50,10.0,15,5,-20.81,20.03,0.96,119.91,3,2,66.67,"[35.94, 0.07]",14.58,-9.06,[-11.85],18.0,-11.85,68.03,68.51,-40.92,1.67
239,TSLA,248.42,417.41,2024-01-02,2024-12-30,363,50,10.0,15,10,-26.06,-8.25,-0.32,91.8,3,2,66.67,"[16.25, 2.33]",8.92,-8.8,[-22.83],9.29,-22.83,68.03,68.51,-40.92,1.67
240,TSLA,248.42,417.41,2024-01-02,2024-12-30,363,100,0.1,15,0,-23.51,0.6,0.03,100.59,3,1,33.33,[19.46],16.07,-8.85,"[-9.84, -6.6]",19.46,-8.22,68.03,68.51,-40.92,1.67
241,TSLA,248.42,417.41,2024-01-02,2024-12-30,363,100,0.1,15,1,-24.53,8.48,0.35,108.43,3,2,66.67,"[19.14, 1.81]",12.89,-10.07,[-10.61],10.48,-10.61,68.03,68.51,-40.92,1.67
242,TSLA,248.42,417.41,2024-01-02,2024-12-30,363,100,0.1,15,5,-22.29,14.72,0.66,114.64,3,1,33.33,[35.94],13.69,-9.86,"[-11.85, -4.34]",35.94,-8.09,68.03,68.51,-40.92,1.67
243,TSLA,248.42,417.41,2024-01-02,2024-12-30,363,100,0.1,15,10,-27.73,-8.84,-0.32,91.21,3,2,66.67,"[16.25, 1.68]",9.5,-7.61,[-22.83],8.96,-22.83,68.03,68.51,-40.92,1.67
244,TSLA,248.42,417.41,2024-01-02,2024-12-30,363,100,1.0,15,0,-23.51,0.6,0.03,100.59,3,1,33.33,[19.46],16.07,-8.85,"[-9.84, -6.6]",19.46,-8.22,68.03,68.51,-40.92,1.67
245,TSLA,248.42,417.41,2024-01-02,2024-12-30,363,100,1.0,15,1,-24.53,8.48,0.35,108.43,3,2,66.67,"[19.14, 1.81]",12.89,-10.07,[-10.61],10.48,-10.61,68.03,68.51,-40.92,1.67
246,TSLA,248.42,417.41,2024-01-02,2024-12-30,363,100,1.0,15,5,-22.29,14.72,0.66,114.64,3,1,33.33,[35.94],13.69,-9.86,"[-11.85, -4.34]",35.94,-8.09,68.03,68.51,-40.92,1.67
247,TSLA,248.42,417.41,2024-01-02,2024-12-30,363,100,1.0,15,10,-27.73,-8.84,-0.32,91.21,3,2,66.67,"[16.25, 1.68]",9.5,-7.61,[-22.83],8.96,-22.83,68.03,68.51,-40.92,1.67
248,TSLA,248.42,417.41,2024-01-02,2024-12-30,363,100,2.0,15,0,-23.51,0.6,0.03,100.59,3,1,33.33,[19.46],16.07,-8.85,"[-9.84, -6.6]",19.46,-8.22,68.03,68.51,-40.92,1.67
249,TSLA,248.42,417.41,2024-01-02,2024-12-30,363,100,2.0,15,1,-24.53,8.48,0.35,108.43,3,2,66.67,"[19.14, 1.81]",12.89,-10.07,[-10.61],10.48,-10.61,68.03,68.51,-40.92,1.67
250,TSLA,248.42,417.41,2024-01-02,2024-12-30,363,100,2.0,15,5,-22.29,14.72,0.66,114.64,3,1,33.33,[35.94],13.69,-9.86,"[-11.85, -4.34]",35.94,-8.09,68.03,68.51,-40.92,1.67
251,TSLA,248.42,417.41,2024-01-02,2024-12-30,363,100,2.0,15,10,-27.73,-8.84,-0.32,91.21,3,2,66.67,"[16.25, 1.68]",9.5,-7.61,[-22.83],8.96,-22.83,68.03,68.51,-40.92,1.67
252,TSLA,248.42,417.41,2024-01-02,2024-12-30,363,100,4.0,15,0,-23.51,0.6,0.03,100.59,3,1,33.33,[19.46],16.07,-8.85,"[-9.84, -6.6]",19.46,-8.22,68.03,68.51,-40.92,1.67
253,TSLA,248.42,417.41,2024-01-02,2024-12-30,363,100,4.0,15,1,-24.53,8.48,0.35,108.43,3,2,66.67,"[19.14, 1.81]",12.89,-10.07,[-10.61],10.48,-10.61,68.03,68.51,-40.92,1.67
254,TSLA,248.42,417.41,2024-01-02,2024-12-30,363,100,4.0,15,5,-22.29,14.72,0.66,114.64,3,1,33.33,[35.94],13.69,-9.86,"[-11.85, -4.34]",35.94,-8.09,68.03,68.51,-40.92,1.67
255,TSLA,248.42,417.41,2024-01-02,2024-12-30,363,100,4.0,15,10,-27.73,-8.84,-0.32,91.21,3,2,66.67,"[16.25, 1.68]",9.5,-7.61,[-22.83],8.96,-22.83,68.03,68.51,-40.92,1.67
256,TSLA,248.42,417.41,2024-01-02,2024-12-30,363,100,10.0,15,0,-23.51,0.6,0.03,100.59,3,1,33.33,[19.46],16.07,-8.85,"[-9.84, -6.6]",19.46,-8.22,68.03,68.51,-40.92,1.67
257,TSLA,248.42,417.41,2024-01-02,2024-12-30,363,100,10.0,15,1,-24.53,8.48,0.35,108.43,3,2,66.67,"[19.14, 1.81]",12.89,-10.07,[-10.61],10.48,-10.61,68.03,68.51,-40.92,1.67
258,TSLA,248.42,417.41,2024-01-02,2024-12-30,363,100,10.0,15,5,-22.29,14.72,0.66,114.64,3,1,33.33,[35.94],13.69,-9.86,"[-11.85, -4.34]",35.94,-8.09,68.03,68.51,-40.92,1.67
259,TSLA,248.42,417.41,2024-01-02,2024-12-30,363,100,10.0,15,10,-27.73,-8.84,-0.32,91.21,3,2,66.67,"[16.25, 1.68]",9.5,-7.61,[-22.83],8.96,-22.83,68.03,68.51,-40.92,1.67
260,TSLA,248.42,417.41,2024-01-02,2024-12-30,363,200,0.1,15,0,0.0,0.0,,100.0,0,0,0.0,[],0.0,0.0,[],,,68.03,68.51,-40.92,1.67
261,TSLA,248.42,417.41,2024-01-02,2024-12-30,363,200,0.1,15,1,0.0,0.0,,100.0,0,0,0.0,[],0.0,0.0,[],,,68.03,68.51,-40.92,1.67
262,TSLA,248.42,417.41,2024-01-02,2024-12-30,363,200,0.1,15,5,0.0,0.0,,100.0,0,0,0.0,[],0.0,0.0,[],,,68.03,68.51,-40.92,1.67
263,TSLA,248.42,417.41,2024-01-02,2024-12-30,363,200,0.1,15,10,0.0,0.0,,100.0,0,0,0.0,[],0.0,0.0,[],,,68.03,68.51,-40.92,1.67
264,TSLA,248.42,417.41,2024-01-02,2024-12-30,363,200,1.0,15,0,0.0,0.0,,100.0,0,0,0.0,[],0.0,0.0,[],,,68.03,68.51,-40.92,1.67
265,TSLA,248.42,417.41,2024-01-02,2024-12-30,363,200,1.0,15,1,0.0,0.0,,100.0,0,0,0.0,[],0.0,0.0,[],,,68.03,68.51,-40.92,1.67
266,TSLA,248.42,417.41,2024-01-02,2024-12-30,363,200,1.0,15,5,0.0,0.0,,100.0,0,0,0.0,[],0.0,0.0,[],,,68.03,68.51,-40.92,1.67
267,TSLA,248.42,417.41,2024-01-02,2024-12-30,363,200,1.0,15,10,0.0,0.0,,100.0,0,0,0.0,[],0.0,0.0,[],,,68.03,68.51,-40.92,1.67
268,TSLA,248.42,417.41,2024-01-02,2024-12-30,363,200,2.0,15,0,0.0,0.0,,100.0,0,0,0.0,[],0.0,0.0,[],,,68.03,68.51,-40.92,1.67
269,TSLA,248.42,417.41,2024-01-02,2024-12-30,363,200,2.0,15,1,0.0,0.0,,100.0,0,0,0.0,[],0.0,0.0,[],,,68.03,68.51,-40.92,1.67
270,TSLA,248.42,417.41,2024-01-02,2024-12-30,363,200,2.0,15,5,0.0,0.0,,100.0,0,0,0.0,[],0.0,0.0,[],,,68.03,68.51,-40.92,1.67
271,TSLA,248.42,417.41,2024-01-02,2024-12-30,363,200,2.0,15,10,0.0,0.0,,100.0,0,0,0.0,[],0.0,0.0,[],,,68.03,68.51,-40.92,1.67
272,TSLA,248.42,417.41,2024-01-02,2024-12-30,363,200,4.0,15,0,0.0,0.0,,100.0,0,0,0.0,[],0.0,0.0,[],,,68.03,68.51,-40.92,1.67
273,TSLA,248.42,417.41,2024-01-02,2024-12-30,363,200,4.0,15,1,0.0,0.0,,100.0,0,0,0.0,[],0.0,0.0,[],,,68.03,68.51,-40.92,1.67
274,TSLA,248.42,417.41,2024-01-02,2024-12-30,363,200,4.0,15,5,0.0,0.0,,100.0,0,0,0.0,[],0.0,0.0,[],,,68.03,68.51,-40.92,1.67
275,TSLA,248.42,417.41,2024-01-02,2024-12-30,363,200,4.0,15,10,0.0,0.0,,100.0,0,0,0.0,[],0.0,0.0,[],,,68.03,68.51,-40.92,1.67
276,TSLA,248.42,417.41,2024-01-02,2024-12-30,363,200,10.0,15,0,0.0,0.0,,100.0,0,0,0.0,[],0.0,0.0,[],,,68.03,68.51,-40.92,1.67
277,TSLA,248.42,417.41,2024-01-02,2024-12-30,363,200,10.0,15,1,0.0,0.0,,100.0,0,0,0.0,[],0.0,0.0,[],,,68.03,68.51,-40.92,1.67
278,TSLA,248.42,417.41,2024-01-02,2024-12-30,363,200,10.0,15,5,0.0,0.0,,100.0,0,0,0.0,[],0.0,0.0,[],,,68.03,68.51,-40.92,1.67
279,TSLA,248.42,417.41,2024-01-02,2024-12-30,363,200,10.0,15,10,0.0,0.0,,100.0,0,0,0.0,[],0.0,0.0,[],,,68.03,68.51,-40.92,1.67
280,TSLA,248.42,417.41,2024-01-02,2024-12-30,363,500,0.1,15,0,0.0,0.0,,100.0,0,0,0.0,[],0.0,0.0,[],,,68.03,68.51,-40.92,1.67
281,TSLA,248.42,417.41,2024-01-02,2024-12-30,363,500,0.1,15,1,0.0,0.0,,100.0,0,0,0.0,[],0.0,0.0,[],,,68.03,68.51,-40.92,1.67
282,TSLA,248.42,417.41,2024-01-02,2024-12-30,363,500,0.1,15,5,0.0,0.0,,100.0,0,0,0.0,[],0.0,0.0,[],,,68.03,68.51,-40.92,1.67
283,TSLA,248.42,417.41,2024-01-02,2024-12-30,363,500,0.1,15,10,0.0,0.0,,100.0,0,0,0.0,[],0.0,0.0,[],,,68.03,68.51,-40.92,1.67
284,TSLA,248.42,417.41,2024-01-02,2024-12-30,363,500,1.0,15,0,0.0,0.0,,100.0,0,0,0.0,[],0.0,0.0,[],,,68.03,68.51,-40.92,1.67
285,TSLA,248.42,417.41,2024-01-02,2024-12-30,363,500,1.0,15,1,0.0,0.0,,100.0,0,0,0.0,[],0.0,0.0,[],,,68.03,68.51,-40.92,1.67
286,TSLA,248.42,417.41,2024-01-02,2024-12-30,363,500,1.0,15,5,0.0,0.0,,100.0,0,0,0.0,[],0.0,0.0,[],,,68.03,68.51,-40.92,1.67
287,TSLA,248.42,417.41,2024-01-02,2024-12-30,363,500,1.0,15,10,0.0,0.0,,100.0,0,0,0.0,[],0.0,0.0,[],,,68.03,68.51,-40.92,1.67
288,TSLA,248.42,417.41,2024-01-02,2024-12-30,363,500,2.0,15,0,0.0,0.0,,100.0,0,0,0.0,[],0.0,0.0,[],,,68.03,68.51,-40.92,1.67
289,TSLA,248.42,417.41,2024-01-02,2024-12-30,363,500,2.0,15,1,0.0,0.0,,100.0,0,0,0.0,[],0.0,0.0,[],,,68.03,68.51,-40.92,1.67
290,TSLA,248.42,417.41,2024-01-02,2024-12-30,363,500,2.0,15,5,0.0,0.0,,100.0,0,0,0.0,[],0.0,0.0,[],,,68.03,68.51,-40.92,1.67
291,TSLA,248.42,417.41,2024-01-02,2024-12-30,363,500,2.0,15,10,0.0,0.0,,100.0,0,0,0.0,[],0.0,0.0,[],,,68.03,68.51,-40.92,1.67
292,TSLA,248.42,417.41,2024-01-02,2024-12-30,363,500,4.0,15,0,0.0,0.0,,100.0,0,0,0.0,[],0.0,0.0,[],,,68.03,68.51,-40.92,1.67
293,TSLA,248.42,417.41,2024-01-02,2024-12-30,363,500,4.0,15,1,0.0,0.0,,100.0,0,0,0.0,[],0.0,0.0,[],,,68.03,68.51,-40.92,1.67
294,TSLA,248.42,417.41,2024-01-02,2024-12-30,363,500,4.0,15,5,0.0,0.0,,100.0,0,0,0.0,[],0.0,0.0,[],,,68.03,68.51,-40.92,1.67
295,TSLA,248.42,417.41,2024-01-02,2024-12-30,363,500,4.0,15,10,0.0,0.0,,100.0,0,0,0.0,[],0.0,0.0,[],,,68.03,68.51,-40.92,1.67
296,TSLA,248.42,417.41,2024-01-02,2024-12-30,363,500,10.0,15,0,0.0,0.0,,100.0,0,0,0.0,[],0.0,0.0,[],,,68.03,68.51,-40.92,1.67
297,TSLA,248.42,417.41,2024-01-02,2024-12-30,363,500,10.0,15,1,0.0,0.0,,100.0,0,0,0.0,[],0.0,0.0,[],,,68.03,68.51,-40.92,1.67
298,TSLA,248.42,417.41,2024-01-02,2024-12-30,363,500,10.0,15,5,0.0,0.0,,100.0,0,0,0.0,[],0.0,0.0,[],,,68.03,68.51,-40.92,1.67
299,TSLA,248.42,417.41,2024-01-02,2024-12-30,363,500,10.0,15,10,0.0,0.0,,100.0,0,0,0.0,[],0.0,0.0,[],,,68.03,68.51,-40.92,1.67
300,TSLA,248.42,417.41,2024-01-02,2024-12-30,363,20,0.1,20,0,-32.52,54.63,1.68,154.26,6,4,66.67,"[40.01, 30.39, 5.2, 4.56]",20.74,-9.67,"[-21.83, -1.73]",20.04,-11.78,68.03,68.51,-40.92,1.67
301,TSLA,248.42,417.41,2024-01-02,2024-12-30,363,20,0.1,20,1,-19.69,137.19,6.97,236.07,5,4,80.0,"[38.46, 30.97, 18.67, 9.88]",26.37,-5.25,[-0.17],24.5,-0.17,68.03,68.51,-40.92,1.67
302,TSLA,248.42,417.41,2024-01-02,2024-12-30,363,20,0.1,20,5,-18.64,77.18,4.14,176.63,5,3,60.0,"[38.15, 31.74, 3.9]",23.22,-5.59,"[-5.16, -1.51]",24.6,-3.34,68.03,68.51,-40.92,1.67
303,TSLA,248.42,417.41,2024-01-02,2024-12-30,363,20,0.1,20,10,-25.45,41.94,1.65,141.67,5,3,60.0,"[31.09, 16.61, 11.34]",20.23,-4.81,"[-9.44, -8.09]",19.68,-8.76,68.03,68.51,-40.92,1.67
304,TSLA,248.42,417.41,2024-01-02,2024-12-30,363,20,1.0,20,0,-32.52,54.63,1.68,154.26,6,4,66.67,"[40.01, 30.39, 5.2, 4.56]",20.74,-9.67,"[-21.83, -1.73]",20.04,-11.78,68.03,68.51,-40.92,1.67
305,TSLA,248.42,417.41,2024-01-02,2024-12-30,363,20,1.0,20,1,-19.69,137.19,6.97,236.07,5,4,80.0,"[38.46, 30.97, 18.67, 9.88]",26.37,-5.25,[-0.17],24.5,-0.17,68.03,68.51,-40.92,1.67
306,TSLA,248.42,417.41,2024-01-02,2024-12-30,363,20,1.0,20,5,-18.64,77.18,4.14,176.63,5,3,60.0,"[38.15, 31.74, 3.9]",23.22,-5.59,"[-5.16, -1.51]",24.6,-3.34,68.03,68.51,-40.92,1.67
307,TSLA,248.42,417.41,2024-01-02,2024-12-30,363,20,1.0,20,10,-25.45,41.94,1.65,141.67,5,3,60.0,"[31.09, 16.61, 11.34]",20.23,-4.81,"[-9.44, -8.09]",19.68,-8.76,68.03,68.51,-40.92,1.67
308,TSLA,248.42,417.41,2024-01-02,2024-12-30,363,20,2.0,20,0,-14.24,109.22,7.67,208.38,5,4,80.0,"[40.01, 30.39, 11.09, 4.56]",25.84,-3.39,[-1.73],21.51,-1.73,68.03,68.51,-40.92,1.67
309,TSLA,248.42,417.41,2024-01-02,2024-12-30,363,20,2.0,20,1,-13.77,120.29,8.73,219.34,5,4,80.0,"[38.46, 30.97, 18.67, 2.09]",25.64,-2.7,[-0.17],22.55,-0.17,68.03,68.51,-40.92,1.67
310,TSLA,248.42,417.41,2024-01-02,2024-12-30,363,20,2.0,20,5,-11.3,78.7,6.97,178.13,5,3,60.0,"[38.15, 31.74, 3.9]",21.73,-3.14,"[-5.16, -0.67]",24.6,-2.92,68.03,68.51,-40.92,1.67
311,TSLA,248.42,417.41,2024-01-02,2024-12-30,363,20,2.0,20,10,-25.45,23.87,0.94,123.72,5,3,60.0,"[31.09, 11.34, 1.84]",15.7,-4.48,"[-9.44, -8.09]",14.76,-8.76,68.03,68.51,-40.92,1.67
312,TSLA,248.42,417.41,2024-01-02,2024-12-30,363,20,4.0,20,0,-14.24,98.05,6.88,197.31,5,4,80.0,"[32.58, 30.39, 11.09, 4.56]",24.23,-4.02,[-1.73],19.66,-1.73,68.03,68.51,-40.92,1.67
313,TSLA,248.42,417.41,2024-01-02,2024-12-30,363,20,4.0,20,1,-13.77,114.47,8.31,213.58,5,4,80.0,"[34.82, 30.97, 18.67, 2.09]",25.27,-2.57,[-0.17],21.64,-0.17,68.03,68.51,-40.92,1.67
314,TSLA,248.42,417.41,2024-01-02,2024-12-30,363,20,4.0,20,5,-19.04,56.27,2.96,155.89,5,3,60.0,"[38.15, 15.29, 3.9]",20.84,-3.14,"[-5.16, -0.67]",19.11,-2.92,68.03,68.51,-40.92,1.67
315,TSLA,248.42,417.41,2024-01-02,2024-12-30,363,20,4.0,20,10,-21.29,11.58,0.54,111.51,5,3,60.0,"[31.09, 1.84, 0.35]",11.8,-5.8,"[-9.44, -8.09]",11.09,-8.76,68.03,68.51,-40.92,1.67
316,TSLA,248.42,417.41,2024-01-02,2024-12-30,363,20,10.0,20,0,-17.96,45.66,2.54,145.36,3,3,100.0,"[30.39, 11.09, 0.35]",22.63,-4.46,[],13.94,,68.03,68.51,-40.92,1.67
317,TSLA,248.42,417.41,2024-01-02,2024-12-30,363,20,10.0,20,1,-28.91,17.79,0.62,117.69,3,2,66.67,"[30.97, 2.09]",17.28,-7.75,[-11.99],16.53,-11.99,68.03,68.51,-40.92,1.67
318,TSLA,248.42,417.41,2024-01-02,2024-12-30,363,20,10.0,20,5,-32.17,-0.04,-0.0,99.96,3,1,33.33,[38.15],14.93,-12.12,"[-27.16, -0.67]",38.15,-13.92,68.03,68.51,-40.92,1.67
319,TSLA,248.42,417.41,2024-01-02,2024-12-30,363,20,10.0,20,10,-26.41,8.24,0.31,108.19,3,2,66.67,"[31.09, 1.84]",13.03,-8.8,[-18.96],16.46,-18.96,68.03,68.51,-40.92,1.67
320,TSLA,248.42,417.41,2024-01-02,2024-12-30,363,50,0.1,20,0,-15.59,83.01,5.32,182.4,5,4,80.0,"[38.46, 30.39, 11.09, 4.56]",22.4,-6.13,[-13.01],21.12,-13.01,68.03,68.51,-40.92,1.67
321,TSLA,248.42,417.41,2024-01-02,2024-12-30,363,50,0.1,20,1,-13.77,117.82,8.56,216.89,5,4,80.0,"[44.13, 30.97, 18.67, 2.09]",24.41,-3.21,[-5.16],23.96,-5.16,68.03,68.51,-40.92,1.67
322,TSLA,248.42,417.41,2024-01-02,2024-12-30,363,50,0.1,20,5,-11.6,77.48,6.68,176.92,5,3,60.0,"[38.15, 37.43, 3.9]",20.5,-4.09,"[-9.71, -0.67]",26.49,-5.19,68.03,68.51,-40.92,1.67
323,TSLA,248.42,417.41,2024-01-02,2024-12-30,363,50,0.1,20,10,-21.28,42.08,1.98,141.81,4,3,75.0,"[31.09, 17.29, 1.84]",19.55,-3.57,[-9.44],16.74,-9.44,68.03,68.51,-40.92,1.67
324,TSLA,248.42,417.41,2024-01-02,2024-12-30,363,50,1.0,20,0,-15.59,83.01,5.32,182.4,5,4,80.0,"[38.46, 30.39, 11.09, 4.56]",22.4,-6.13,[-13.01],21.12,-13.01,68.03,68.51,-40.92,1.67
325,TSLA,248.42,417.41,2024-01-02,2024-12-30,363,50,1.0,20,1,-13.77,117.82,8.56,216.89,5,4,80.0,"[44.13, 30.97, 18.67, 2.09]",24.41,-3.21,[-5.16],23.96,-5.16,68.03,68.51,-40.92,1.67
326,TSLA,248.42,417.41,2024-01-02,2024-12-30,363,50,1.0,20,5,-11.6,77.48,6.68,176.92,5,3,60.0,"[38.15, 37.43, 3.9]",20.5,-4.09,"[-9.71, -0.67]",26.49,-5.19,68.03,68.51,-40.92,1.67
327,TSLA,248.42,417.41,2024-01-02,2024-12-30,363,50,1.0,20,10,-21.28,42.08,1.98,141.81,4,3,75.0,"[31.09, 17.29, 1.84]",19.55,-3.57,[-9.44],16.74,-9.44,68.03,68.51,-40.92,1.67
328,TSLA,248.42,417.41,2024-01-02,2024-12-30,363,50,2.0,20,0,-15.59,83.01,5.32,182.4,5,4,80.0,"[38.46, 30.39, 11.09, 4.56]",22.4,-6.13,[-13.01],21.12,-13.01,68.03,68.51,-40.92,1.67
329,TSLA,248.42,417.41,2024-01-02,2024-12-30,363,50,2.0,20,1,-13.77,117.82,8.56,216.89,5,4,80.0,"[44.13, 30.97, 18.67, 2.09]",24.41,-3.21,[-5.16],23.96,-5.16,68.03,68.51,-40.92,1.67
330,TSLA,248.42,417.41,2024-01-02,2024-12-30,363,50,2.0,20,5,-11.6,77.48,6.68,176.92,5,3,60.0,"[38.15, 37.43, 3.9]",20.5,-4.09,"[-9.71, -0.67]",26.49,-5.19,68.03,68.51,-40.92,1.67
331,TSLA,248.42,417.41,2024-01-02,2024-12-30,363,50,2.0,20,10,-21.28,42.08,1.98,141.81,4,3,75.0,"[31.09, 17.29, 1.84]",19.55,-3.57,[-9.44],16.74,-9.44,68.03,68.51,-40.92,1.67
332,TSLA,248.42,417.41,2024-01-02,2024-12-30,363,50,4.0,20,0,-22.58,61.08,2.71,160.66,4,4,100.0,"[30.39, 11.09, 6.08, 4.56]",23.3,-3.8,[],13.03,,68.03,68.51,-40.92,1.67
333,TSLA,248.42,417.41,2024-01-02,2024-12-30,363,50,4.0,20,1,-17.96,59.64,3.32,159.23,4,4,100.0,"[30.97, 18.67, 2.09, 0.35]",20.75,-4.38,[],13.02,,68.03,68.51,-40.92,1.67
334,TSLA,248.42,417.41,2024-01-02,2024-12-30,363,50,4.0,20,5,-27.68,9.1,0.33,109.05,4,2,50.0,"[38.15, 3.9]",14.74,-8.68,"[-23.52, -0.67]",21.02,-12.1,68.03,68.51,-40.92,1.67
335,TSLA,248.42,417.41,2024-01-02,2024-12-30,363,50,4.0,20,10,-31.02,-2.07,-0.07,97.94,4,2,50.0,"[31.09, 1.84]",11.29,-9.89,"[-18.99, -9.44]",16.46,-14.22,68.03,68.51,-40.92,1.67
336,TSLA,248.42,417.41,2024-01-02,2024-12-30,363,50,10.0,20,0,-17.96,45.66,2.54,145.36,3,3,100.0,"[30.39, 11.09, 0.35]",22.63,-4.46,[],13.94,,68.03,68.51,-40.92,1.67
337,TSLA,248.42,417.41,2024-01-02,2024-12-30,363,50,10.0,20,1,-28.91,17.79,0.62,117.69,3,2,66.67,"[30.97, 2.09]",17.28,-7.75,[-11.99],16.53,-11.99,68.03,68.51,-40.92,1.67
338,TSLA,248.42,417.41,2024-01-02,2024-12-30,363,50,10.0,20,5,-32.17,-0.04,-0.0,99.96,3,1,33.33,[38.15],14.93,-12.12,"[-27.16, -0.67]",38.15,-13.92,68.03,68.51,-40.92,1.67
339,TSLA,248.42,417.41,2024-01-02,2024-12-30,363,50,10.0,20,10,-26.41,8.24,0.31,108.19,3,2,66.67,"[31.09, 1.84]",13.03,-8.8,[-18.96],16.46,-18.96,68.03,68.51,-40.92,1.67
340,TSLA,248.42,417.41,2024-01-02,2024-12-30,363,100,0.1,20,0,-17.96,19.3,1.07,119.18,3,2,66.67,"[30.39, 0.35]",16.07,-8.85,[-8.92],15.37,-8.92,68.03,68.51,-40.92,1.67
341,TSLA,248.42,417.41,2024-01-02,2024-12-30,363,100,0.1,20,1,-25.69,10.88,0.42,110.81,3,1,33.33,[30.97],13.21,-10.07,"[-11.99, -3.87]",30.97,-7.93,68.03,68.51,-40.92,1.67
342,TSLA,248.42,417.41,2024-01-02,2024-12-30,363,100,0.1,20,5,-33.69,-4.84,-0.14,95.19,3,1,33.33,[38.15],14.04,-12.93,"[-27.16, -5.41]",38.15,-16.28,68.03,68.51,-40.92,1.67
343,TSLA,248.42,417.41,2024-01-02,2024-12-30,363,100,0.1,20,10,-29.42,5.5,0.19,105.47,3,1,33.33,[31.09],13.62,-7.85,"[-18.96, -0.72]",31.09,-9.84,68.03,68.51,-40.92,1.67
344,TSLA,248.42,417.41,2024-01-02,2024-12-30,363,100,1.0,20,0,-17.96,19.3,1.07,119.18,3,2,66.67,"[30.39, 0.35]",16.07,-8.85,[-8.92],15.37,-8.92,68.03,68.51,-40.92,1.67
345,TSLA,248.42,417.41,2024-01-02,2024-12-30,363,100,1.0,20,1,-25.69,10.88,0.42,110.81,3,1,33.33,[30.97],13.21,-10.07,"[-11.99, -3.87]",30.97,-7.93,68.03,68.51,-40.92,1.67
346,TSLA,248.42,417.41,2024-01-02,2024-12-30,363,100,1.0,20,5,-33.69,-4.84,-0.14,95.19,3,1,33.33,[38.15],14.04,-12.93,"[-27.16, -5.41]",38.15,-16.28,68.03,68.51,-40.92,1.67
347,TSLA,248.42,417.41,2024-01-02,2024-12-30,363,100,1.0,20,10,-29.42,5.5,0.19,105.47,3,1,33.33,[31.09],13.62,-7.85,"[-18.96, -0.72]",31.09,-9.84,68.03,68.51,-40.92,1.67
348,TSLA,248.42,417.41,2024-01-02,2024-12-30,363,100,2.0,20,0,-17.96,19.3,1.07,119.18,3,2,66.67,"[30.39, 0.35]",16.07,-8.85,[-8.92],15.37,-8.92,68.03,68.51,-40.92,1.67
349,TSLA,248.42,417.41,2024-01-02,2024-12-30,363,100,2.0,20,1,-25.69,10.88,0.42,110.81,3,1,33.33,[30.97],13.21,-10.07,"[-11.99, -3.87]",30.97,-7.93,68.03,68.51,-40.92,1.67
350,TSLA,248.42,417.41,2024-01-02,2024-12-30,363,100,2.0,20,5,-33.69,-4.84,-0.14,95.19,3,1,33.33,[38.15],14.04,-12.93,"[-27.16, -5.41]",38.15,-16.28,68.03,68.51,-40.92,1.67
351,TSLA,248.42,417.41,2024-01-02,2024-12-30,363,100,2.0,20,10,-29.42,5.5,0.19,105.47,3,1,33.33,[31.09],13.62,-7.85,"[-18.96, -0.72]",31.09,-9.84,68.03,68.51,-40.92,1.67
352,TSLA,248.42,417.41,2024-01-02,2024-12-30,363,100,4.0,20,0,-17.96,19.3,1.07,119.18,3,2,66.67,"[30.39, 0.35]",16.07,-8.85,[-8.92],15.37,-8.92,68.03,68.51,-40.92,1.67
353,TSLA,248.42,417.41,2024-01-02,2024-12-30,363,100,4.0,20,1,-25.69,10.88,0.42,110.81,3,1,33.33,[30.97],13.21,-10.07,"[-11.99, -3.87]",30.97,-7.93,68.03,68.51,-40.92,1.67
354,TSLA,248.42,417.41,2024-01-02,2024-12-30,363,100,4.0,20,5,-33.69,-4.84,-0.14,95.19,3,1,33.33,[38.15],14.04,-12.93,"[-27.16, -5.41]",38.15,-16.28,68.03,68.51,-40.92,1.67
355,TSLA,248.42,417.41,2024-01-02,2024-12-30,363,100,4.0,20,10,-29.42,5.5,0.19,105.47,3,1,33.33,[31.09],13.62,-7.85,"[-18.96, -0.72]",31.09,-9.84,68.03,68.51,-40.92,1.67
356,TSLA,248.42,417.41,2024-01-02,2024-12-30,363,100,10.0,20,0,-17.96,19.3,1.07,119.18,3,2,66.67,"[30.39, 0.35]",16.07,-8.85,[-8.92],15.37,-8.92,68.03,68.51,-40.92,1.67
357,TSLA,248.42,417.41,2024-01-02,2024-12-30,363,100,10.0,20,1,-25.69,10.88,0.42,110.81,3,1,33.33,[30.97],13.21,-10.07,"[-11.99, -3.87]",30.97,-7.93,68.03,68.51,-40.92,1.67
358,TSLA,248.42,417.41,2024-01-02,2024-12-30,363,100,10.0,20,5,-33.69,-4.84,-0.14,95.19,3,1,33.33,[38.15],14.04,-12.93,"[-27.16, -5.41]",38.15,-16.28,68.03,68.51,-40.92,1.67
359,TSLA,248.42,417.41,2024-01-02,2024-12-30,363,100,10.0,20,10,-29.42,5.5,0.19,105.47,3,1,33.33,[31.09],13.62,-7.85,"[-18.96, -0.72]",31.09,-9.84,68.03,68.51,-40.92,1.67
360,TSLA,248.42,417.41,2024-01-02,2024-12-30,363,200,0.1,20,0,0.0,0.0,,100.0,0,0,0.0,[],0.0,0.0,[],,,68.03,68.51,-40.92,1.67
361,TSLA,248.42,417.41,2024-01-02,2024-12-30,363,200,0.1,20,1,0.0,0.0,,100.0,0,0,0.0,[],0.0,0.0,[],,,68.03,68.51,-40.92,1.67
362,TSLA,248.42,417.41,2024-01-02,2024-12-30,363,200,0.1,20,5,0.0,0.0,,100.0,0,0,0.0,[],0.0,0.0,[],,,68.03,68.51,-40.92,1.67
363,TSLA,248.42,417.41,2024-01-02,2024-12-30,363,200,0.1,20,10,0.0,0.0,,100.0,0,0,0.0,[],0.0,0.0,[],,,68.03,68.51,-40.92,1.67
364,TSLA,248.42,417.41,2024-01-02,2024-12-30,363,200,1.0,20,0,0.0,0.0,,100.0,0,0,0.0,[],0.0,0.0,[],,,68.03,68.51,-40.92,1.67
365,TSLA,248.42,417.41,2024-01-02,2024-12-30,363,200,1.0,20,1,0.0,0.0,,100.0,0,0,0.0,[],0.0,0.0,[],,,68.03,68.51,-40.92,1.67
366,TSLA,248.42,417.41,2024-01-02,2024-12-30,363,200,1.0,20,5,0.0,0.0,,100.0,0,0,0.0,[],0.0,0.0,[],,,68.03,68.51,-40.92,1.67
367,TSLA,248.42,417.41,2024-01-02,2024-12-30,363,200,1.0,20,10,0.0,0.0,,100.0,0,0,0.0,[],0.0,0.0,[],,,68.03,68.51,-40.92,1.67
368,TSLA,248.42,417.41,2024-01-02,2024-12-30,363,200,2.0,20,0,0.0,0.0,,100.0,0,0,0.0,[],0.0,0.0,[],,,68.03,68.51,-40.92,1.67
369,TSLA,248.42,417.41,2024-01-02,2024-12-30,363,200,2.0,20,1,0.0,0.0,,100.0,0,0,0.0,[],0.0,0.0,[],,,68.03,68.51,-40.92,1.67
370,TSLA,248.42,417.41,2024-01-02,2024-12-30,363,200,2.0,20,5,0.0,0.0,,100.0,0,0,0.0,[],0.0,0.0,[],,,68.03,68.51,-40.92,1.67
371,TSLA,248.42,417.41,2024-01-02,2024-12-30,363,200,2.0,20,10,0.0,0.0,,100.0,0,0,0.0,[],0.0,0.0,[],,,68.03,68.51,-40.92,1.67
372,TSLA,248.42,417.41,2024-01-02,2024-12-30,363,200,4.0,20,0,0.0,0.0,,100.0,0,0,0.0,[],0.0,0.0,[],,,68.03,68.51,-40.92,1.67
373,TSLA,248.42,417.41,2024-01-02,2024-12-30,363,200,4.0,20,1,0.0,0.0,,100.0,0,0,0.0,[],0.0,0.0,[],,,68.03,68.51,-40.92,1.67
374,TSLA,248.42,417.41,2024-01-02,2024-12-30,363,200,4.0,20,5,0.0,0.0,,100.0,0,0,0.0,[],0.0,0.0,[],,,68.03,68.51,-40.92,1.67
375,TSLA,248.42,417.41,2024-01-02,2024-12-30,363,200,4.0,20,10,0.0,0.0,,100.0,0,0,0.0,[],0.0,0.0,[],,,68.03,68.51,-40.92,1.67
376,TSLA,248.42,417.41,2024-01-02,2024-12-30,363,200,10.0,20,0,0.0,0.0,,100.0,0,0,0.0,[],0.0,0.0,[],,,68.03,68.51,-40.92,1.67
377,TSLA,248.42,417.41,2024-01-02,2024-12-30,363,200,10.0,20,1,0.0,0.0,,100.0,0,0,0.0,[],0.0,0.0,[],,,68.03,68.51,-40.92,1.67
378,TSLA,248.42,417.41,2024-01-02,2024-12-30,363,200,10.0,20,5,0.0,0.0,,100.0,0,0,0.0,[],0.0,0.0,[],,,68.03,68.51,-40.92,1.67
379,TSLA,248.42,417.41,2024-01-02,2024-12-30,363,200,10.0,20,10,0.0,0.0,,100.0,0,0,0.0,[],0.0,0.0,[],,,68.03,68.51,-40.92,1.67
380,TSLA,248.42,417.41,2024-01-02,2024-12-30,363,500,0.1,20,0,0.0,0.0,,100.0,0,0,0.0,[],0.0,0.0,[],,,68.03,68.51,-40.92,1.67
381,TSLA,248.42,417.41,2024-01-02,2024-12-30,363,500,0.1,20,1,0.0,0.0,,100.0,0,0,0.0,[],0.0,0.0,[],,,68.03,68.51,-40.92,1.67
382,TSLA,248.42,417.41,2024-01-02,2024-12-30,363,500,0.1,20,5,0.0,0.0,,100.0,0,0,0.0,[],0.0,0.0,[],,,68.03,68.51,-40.92,1.67
383,TSLA,248.42,417.41,2024-01-02,2024-12-30,363,500,0.1,20,10,0.0,0.0,,100.0,0,0,0.0,[],0.0,0.0,[],,,68.03,68.51,-40.92,1.67
384,TSLA,248.42,417.41,2024-01-02,2024-12-30,363,500,1.0,20,0,0.0,0.0,,100.0,0,0,0.0,[],0.0,0.0,[],,,68.03,68.51,-40.92,1.67
385,TSLA,248.42,417.41,2024-01-02,2024-12-30,363,500,1.0,20,1,0.0,0.0,,100.0,0,0,0.0,[],0.0,0.0,[],,,68.03,68.51,-40.92,1.67
386,TSLA,248.42,417.41,2024-01-02,2024-12-30,363,500,1.0,20,5,0.0,0.0,,100.0,0,0,0.0,[],0.0,0.0,[],,,68.03,68.51,-40.92,1.67
387,TSLA,248.42,417.41,2024-01-02,2024-12-30,363,500,1.0,20,10,0.0,0.0,,100.0,0,0,0.0,[],0.0,0.0,[],,,68.03,68.51,-40.92,1.67
388,TSLA,248.42,417.41,2024-01-02,2024-12-30,363,500,2.0,20,0,0.0,0.0,,100.0,0,0,0.0,[],0.0,0.0,[],,,68.03,68.51,-40.92,1.67
389,TSLA,248.42,417.41,2024-01-02,2024-12-30,363,500,2.0,20,1,0.0,0.0,,100.0,0,0,0.0,[],0.0,0.0,[],,,68.03,68.51,-40.92,1.67
390,TSLA,248.42,417.41,2024-01-02,2024-12-30,363,500,2.0,20,5,0.0,0.0,,100.0,0,0,0.0,[],0.0,0.0,[],,,68.03,68.51,-40.92,1.67
391,TSLA,248.42,417.41,2024-01-02,2024-12-30,363,500,2.0,20,10,0.0,0.0,,100.0,0,0,0.0,[],0.0,0.0,[],,,68.03,68.51,-40.92,1.67
392,TSLA,248.42,417.41,2024-01-02,2024-12-30,363,500,4.0,20,0,0.0,0.0,,100.0,0,0,0.0,[],0.0,0.0,[],,,68.03,68.51,-40.92,1.67
393,TSLA,248.42,417.41,2024-01-02,2024-12-30,363,500,4.0,20,1,0.0,0.0,,100.0,0,0,0.0,[],0.0,0.0,[],,,68.03,68.51,-40.92,1.67
394,TSLA,248.42,417.41,2024-01-02,2024-12-30,363,500,4.0,20,5,0.0,0.0,,100.0,0,0,0.0,[],0.0,0.0,[],,,68.03,68.51,-40.92,1.67
395,TSLA,248.42,417.41,2024-01-02,2024-12-30,363,500,4.0,20,10,0.0,0.0,,100.0,0,0,0.0,[],0.0,0.0,[],,,68.03,68.51,-40.92,1.67
396,TSLA,248.42,417.41,2024-01-02,2024-12-30,363,500,10.0,20,0,0.0,0.0,,100.0,0,0,0.0,[],0.0,0.0,[],,,68.03,68.51,-40.92,1.67
397,TSLA,248.42,417.41,2024-01-02,2024-12-30,363,500,10.0,20,1,0.0,0.0,,100.0,0,0,0.0,[],0.0,0.0,[],,,68.03,68.51,-40.92,1.67
398,TSLA,248.42,417.41,2024-01-02,2024-12-30,363,500,10.0,20,5,0.0,0.0,,100.0,0,0,0.0,[],0.0,0.0,[],,,68.03,68.51,-40.92,1.67
399,TSLA,248.42,417.41,2024-01-02,2024-12-30,363,500,10.0,20,10,0.0,0.0,,100.0,0,0,0.0,[],0.0,0.0,[],,,68.03,68.51,-40.92,1.67
