Date,Open,High,Low,Close,Volume,ticker,change%,avg_20_days_volume,volume%,buyhold_account_value,row_key,account_value,account_cum_max,drawdown,volume_threshold%,pct_threshold%,holding_days,sell_condition,sell_signal,sell_waiting_days,waiting_days_count,actual_sell,holding_days_count,block_identifier,buy_signal,pct_change,max_drawdown,strategy_max_drawdown(%),strategy_cagr%,strategy_calmar
2023-01-03,118.47,118.8,104.64,108.1,231.4,TSLA,,,,,1,100.0,100.0,0.0,200,-4,20,False,False,10,0,False,0,,False,0,0.0,0.0,0.0,
2023-01-04,109.11,114.59,107.52,113.64,180.39,TSLA,5.12,,,105.12,2,100.0,100.0,0.0,200,-4,20,False,False,10,0,False,0,,False,0,0.0,0.0,0.0,
2023-01-05,110.51,111.75,107.16,110.34,157.99,TSLA,-2.9,,,102.07,3,100.0,100.0,0.0,200,-4,20,False,False,10,0,False,0,,False,0,0.0,0.0,0.0,
2023-01-06,103.0,114.39,101.81,113.06,220.91,TSLA,2.47,,,104.59,4,100.0,100.0,0.0,200,-4,20,False,False,10,0,False,0,,False,0,0.0,0.0,0.0,
2023-01-09,118.96,123.52,117.11,119.77,190.28,TSLA,5.93,,,110.8,5,100.0,100.0,0.0,200,-4,20,False,False,10,0,False,0,,False,0,0.0,0.0,0.0,
2023-01-10,121.07,122.76,114.92,118.85,167.64,TSLA,-0.77,,,109.94,6,100.0,100.0,0.0,200,-4,20,False,False,10,0,False,0,,False,0,0.0,0.0,0.0,
2023-01-11,122.09,125.95,120.51,123.22,183.81,TSLA,3.68,,,113.99,7,100.0,100.0,0.0,200,-4,20,False,False,10,0,False,0,,False,0,0.0,0.0,0.0,
2023-01-12,122.56,124.13,117.0,123.56,169.4,TSLA,0.28,,,114.3,8,100.0,100.0,0.0,200,-4,20,False,False,10,0,False,0,,False,0,0.0,0.0,0.0,
2023-01-13,116.55,122.63,115.6,122.4,180.71,TSLA,-0.94,,,113.23,9,100.0,100.0,0.0,200,-4,20,False,False,10,0,False,0,,False,0,0.0,0.0,0.0,
2023-01-17,125.7,131.7,125.02,131.49,186.48,TSLA,7.43,,,121.64,10,100.0,100.0,0.0,200,-4,20,False,False,10,0,False,0,,False,0,0.0,0.0,0.0,
2023-01-18,136.56,136.68,127.01,128.78,195.68,TSLA,-2.06,,,119.13,11,100.0,100.0,0.0,200,-4,20,False,False,10,0,False,0,,False,0,0.0,0.0,0.0,
2023-01-19,127.26,129.99,124.31,127.17,170.29,TSLA,-1.25,,,117.64,12,100.0,100.0,0.0,200,-4,20,False,False,10,0,False,0,,False,0,0.0,0.0,0.0,
2023-01-20,128.68,133.51,127.35,133.42,138.86,TSLA,4.91,,,123.42,13,100.0,100.0,0.0,200,-4,20,False,False,10,0,False,0,,False,0,0.0,0.0,0.0,
2023-01-23,135.87,145.38,134.27,143.75,203.12,TSLA,7.74,,,132.98,14,100.0,100.0,0.0,200,-4,20,False,False,10,0,False,0,,False,0,0.0,0.0,0.0,
2023-01-24,143.0,146.5,141.1,143.89,158.7,TSLA,0.1,,,133.11,15,100.0,100.0,0.0,200,-4,20,False,False,10,0,False,0,,False,0,0.0,0.0,0.0,
2023-01-25,141.91,146.41,138.07,144.43,192.73,TSLA,0.38,,,133.61,16,100.0,100.0,0.0,200,-4,20,False,False,10,0,False,0,,False,0,0.0,0.0,0.0,
2023-01-26,159.97,161.42,154.76,160.27,234.82,TSLA,10.97,,,148.26,17,100.0,100.0,0.0,200,-4,20,False,False,10,0,False,0,,False,0,0.0,0.0,0.0,
2023-01-27,162.43,180.68,161.17,177.9,306.59,TSLA,11.0,,,164.57,18,100.0,100.0,0.0,200,-4,20,False,False,10,0,False,0,,False,0,0.0,0.0,0.0,
2023-01-30,178.05,179.77,166.5,166.66,230.88,TSLA,-6.32,,,154.17,19,100.0,100.0,0.0,200,-4,20,False,False,10,0,False,0,,False,0,0.0,0.0,0.0,
2023-01-31,164.57,174.3,162.78,173.22,196.81,TSLA,3.94,194.87,0.99,160.24,20,100.0,100.0,0.0,200,-4,20,False,False,10,0,False,0,,False,0,0.0,0.0,0.0,
2023-02-01,173.89,183.81,169.93,181.41,213.81,TSLA,4.73,194.0,10.21,167.82,21,100.0,100.0,0.0,200,-4,20,False,False,10,0,False,0,,False,0,0.0,0.0,0.0,
2023-02-02,187.33,196.75,182.61,188.27,217.45,TSLA,3.78,195.85,11.03,174.16,22,100.0,100.0,0.0,200,-4,20,False,False,10,0,False,0,,False,0,0.0,0.0,0.0,
2023-02-03,183.95,199.0,183.69,189.98,232.66,TSLA,0.91,199.58,16.57,175.74,23,100.0,100.0,0.0,200,-4,20,False,False,10,0,False,0,,False,0,0.0,0.0,0.0,
2023-02-06,193.01,198.17,189.92,194.76,186.19,TSLA,2.52,197.85,-5.89,180.17,24,100.0,100.0,0.0,200,-4,20,False,False,10,0,False,0,,False,0,0.0,0.0,0.0,
2023-02-07,196.43,197.5,189.55,196.81,186.01,TSLA,1.05,197.63,-5.88,182.06,25,100.0,100.0,0.0,200,-4,20,False,False,10,0,False,0,,False,0,0.0,0.0,0.0,
2023-02-08,196.1,203.0,194.31,201.29,180.67,TSLA,2.28,198.28,-8.88,186.21,26,100.0,100.0,0.0,200,-4,20,False,False,10,0,False,0,,False,0,0.0,0.0,0.0,
2023-02-09,207.78,214.0,204.77,207.32,215.43,TSLA,3.0,199.86,7.79,191.79,27,100.0,100.0,0.0,200,-4,20,False,False,10,0,False,0,,False,0,0.0,0.0,0.0,
2023-02-10,202.23,206.2,192.89,196.89,204.75,TSLA,-5.03,201.63,1.55,182.14,28,100.0,100.0,0.0,200,-4,20,False,False,10,0,False,0,,False,0,0.0,0.0,0.0,
2023-02-13,194.42,196.3,187.61,194.64,172.48,TSLA,-1.14,201.22,-14.29,180.06,29,100.0,100.0,0.0,200,-4,20,False,False,10,0,False,0,,False,0,0.0,0.0,0.0,
2023-02-14,191.94,209.82,189.44,209.25,216.46,TSLA,7.51,202.72,6.78,193.57,30,100.0,100.0,0.0,200,-4,20,False,False,10,0,False,0,,False,0,0.0,0.0,0.0,
2023-02-15,211.76,214.66,206.11,214.24,181.01,TSLA,2.38,201.99,-10.39,198.19,31,100.0,100.0,0.0,200,-4,20,False,False,10,0,False,0,,False,0,0.0,0.0,0.0,
2023-02-16,210.78,217.65,201.84,202.04,229.59,TSLA,-5.69,204.95,12.02,186.9,32,100.0,100.0,0.0,200,-4,20,False,False,10,0,False,0,,False,0,0.0,0.0,0.0,
2023-02-17,199.99,208.44,197.5,208.31,213.74,TSLA,3.1,208.69,2.42,192.7,33,100.0,100.0,0.0,200,-4,20,False,False,10,0,False,0,,False,0,0.0,0.0,0.0,
2023-02-21,204.99,209.71,197.22,197.37,180.02,TSLA,-5.25,207.54,-13.26,182.58,34,100.0,100.0,0.0,200,-4,20,False,False,10,0,False,0,,False,0,0.0,0.0,0.0,
2023-02-22,197.93,201.99,191.78,200.86,191.83,TSLA,1.77,209.2,-8.3,185.81,35,100.0,100.0,0.0,200,-4,20,False,False,10,0,False,0,,False,0,0.0,0.0,0.0,
2023-02-23,203.91,205.14,196.33,202.07,146.36,TSLA,0.6,206.88,-29.25,186.93,36,100.0,100.0,0.0,200,-4,20,False,False,10,0,False,0,,False,0,0.0,0.0,0.0,
2023-02-24,196.33,197.67,192.8,196.88,142.23,TSLA,-2.57,202.25,-29.68,182.13,37,100.0,100.0,0.0,200,-4,20,False,False,10,0,False,0,,False,0,0.0,0.0,0.0,
2023-02-27,202.03,209.42,201.26,207.63,161.03,TSLA,5.46,194.97,-17.41,192.07,38,100.0,100.0,0.0,200,-4,20,False,False,10,0,False,0,,False,0,0.0,0.0,0.0,
2023-02-28,210.59,211.23,203.75,205.71,153.14,TSLA,-0.92,191.08,-19.85,190.3,39,100.0,100.0,0.0,200,-4,20,False,False,10,0,False,0,,False,0,0.0,0.0,0.0,
2023-03-01,206.21,207.2,198.52,202.77,156.85,TSLA,-1.43,189.08,-17.05,187.58,40,100.0,100.0,0.0,200,-4,20,False,False,10,0,False,0,,False,0,0.0,0.0,0.0,
2023-03-02,186.74,193.75,186.01,190.9,181.5,TSLA,-5.85,187.47,-3.18,176.6,41,100.0,100.0,0.0,200,-4,20,False,False,10,0,False,0,,False,0,0.0,0.0,0.0,
2023-03-03,194.8,200.48,192.88,197.79,154.19,TSLA,3.61,184.31,-16.34,182.97,42,100.0,100.0,0.0,200,-4,20,False,False,10,0,False,0,,False,0,0.0,0.0,0.0,
2023-03-06,198.54,198.6,192.3,193.81,128.1,TSLA,-2.01,179.08,-28.47,179.29,43,100.0,100.0,0.0,200,-4,20,False,False,10,0,False,0,,False,0,0.0,0.0,0.0,
2023-03-07,191.38,194.2,186.1,187.71,148.13,TSLA,-3.15,177.18,-16.4,173.64,44,100.0,100.0,0.0,200,-4,20,False,False,10,0,False,0,,False,0,0.0,0.0,0.0,
2023-03-08,185.04,186.5,180.0,182.0,151.9,TSLA,-3.04,175.47,-13.43,168.36,45,100.0,100.0,0.0,200,-4,20,False,False,10,0,False,0,,False,0,0.0,0.0,0.0,
2023-03-09,180.25,185.18,172.51,172.92,170.02,TSLA,-4.99,174.94,-2.81,159.96,46,100.0,100.0,0.0,200,-4,20,False,False,10,0,False,0,,False,0,0.0,0.0,0.0,
2023-03-10,175.13,178.29,168.44,173.44,191.49,TSLA,0.3,173.74,10.22,160.44,47,100.0,100.0,0.0,200,-4,20,False,False,10,0,False,0,,False,0,0.0,0.0,0.0,
2023-03-13,167.46,177.35,163.91,174.48,167.79,TSLA,0.6,171.89,-2.39,161.41,48,100.0,100.0,0.0,200,-4,20,False,False,10,0,False,0,,False,0,0.0,0.0,0.0,
2023-03-14,177.31,183.8,177.14,183.26,143.72,TSLA,5.03,170.45,-15.69,169.53,49,100.0,100.0,0.0,200,-4,20,False,False,10,0,False,0,,False,0,0.0,0.0,0.0,
2023-03-15,180.8,182.34,176.03,180.45,146.0,TSLA,-1.53,166.93,-12.54,166.93,50,100.0,100.0,0.0,200,-4,20,False,False,10,0,False,0,,False,0,0.0,0.0,0.0,
2023-03-16,180.37,185.81,178.84,184.13,121.14,TSLA,2.04,163.94,-26.11,170.33,51,100.0,100.0,0.0,200,-4,20,False,False,10,0,False,0,,False,0,0.0,0.0,0.0,
2023-03-17,184.52,186.22,177.33,180.13,133.2,TSLA,-2.17,159.12,-16.29,166.63,52,100.0,100.0,0.0,200,-4,20,False,False,10,0,False,0,,False,0,0.0,0.0,0.0,
2023-03-20,178.08,186.44,176.35,183.25,129.68,TSLA,1.73,154.92,-16.29,169.52,53,100.0,100.0,0.0,200,-4,20,False,False,10,0,False,0,,False,0,0.0,0.0,0.0,
2023-03-21,188.28,198.0,188.04,197.58,153.39,TSLA,7.82,153.58,-0.13,182.78,54,100.0,100.0,0.0,200,-4,20,False,False,10,0,False,0,,False,0,0.0,0.0,0.0,
2023-03-22,199.3,200.66,190.95,191.15,150.38,TSLA,-3.25,151.51,-0.75,176.83,55,100.0,100.0,0.0,200,-4,20,False,False,10,0,False,0,,False,0,0.0,0.0,0.0,
2023-03-23,195.26,199.31,188.65,192.22,144.19,TSLA,0.56,151.4,-4.76,177.82,56,100.0,100.0,0.0,200,-4,20,False,False,10,0,False,0,,False,0,0.0,0.0,0.0,
2023-03-24,191.65,192.36,187.15,190.41,116.31,TSLA,-0.94,150.11,-22.51,176.14,57,100.0,100.0,0.0,200,-4,20,False,False,10,0,False,0,,False,0,0.0,0.0,0.0,
2023-03-27,194.42,197.39,189.94,191.81,120.85,TSLA,0.74,148.1,-18.4,177.44,58,100.0,100.0,0.0,200,-4,20,False,False,10,0,False,0,,False,0,0.0,0.0,0.0,
2023-03-28,192.0,192.35,185.43,189.19,98.65,TSLA,-1.37,145.37,-32.14,175.01,59,100.0,100.0,0.0,200,-4,20,False,False,10,0,False,0,,False,0,0.0,0.0,0.0,
2023-03-29,193.13,195.29,189.44,193.88,123.66,TSLA,2.48,143.71,-13.95,179.35,60,100.0,100.0,0.0,200,-4,20,False,False,10,0,False,0,,False,0,0.0,0.0,0.0,
2023-03-30,195.58,197.33,194.42,195.28,110.25,TSLA,0.72,140.15,-21.33,180.65,61,100.0,100.0,0.0,200,-4,20,False,False,10,0,False,0,,False,0,0.0,0.0,0.0,
2023-03-31,197.53,207.79,197.2,207.46,170.22,TSLA,6.24,140.95,20.76,191.91,62,100.0,100.0,0.0,200,-4,20,False,False,10,0,False,0,,False,0,0.0,0.0,0.0,
2023-04-03,199.91,202.69,192.2,194.77,169.55,TSLA,-6.12,143.03,18.54,180.18,63,100.0,100.0,0.0,200,-4,20,False,False,10,0,False,0,,False,0,0.0,0.0,0.0,
2023-04-04,197.32,198.74,190.32,192.58,126.46,TSLA,-1.12,141.94,-10.91,178.15,64,100.0,100.0,0.0,200,-4,20,False,False,10,0,False,0,,False,0,0.0,0.0,0.0,
2023-04-05,190.52,190.68,183.76,185.52,133.88,TSLA,-3.67,141.04,-5.08,171.62,65,100.0,100.0,0.0,200,-4,20,False,False,10,0,False,0,,False,0,0.0,0.0,0.0,
2023-04-06,183.08,186.39,179.74,185.06,123.86,TSLA,-0.25,138.73,-10.72,171.19,66,100.0,100.0,0.0,200,-4,20,False,False,10,0,False,0,,False,0,0.0,0.0,0.0,
2023-04-10,179.94,185.1,176.11,184.51,142.15,TSLA,-0.3,136.27,4.32,170.68,67,100.0,100.0,0.0,200,-4,20,False,False,10,0,False,0,,False,0,0.0,0.0,0.0,
2023-04-11,186.69,189.19,185.65,186.79,115.77,TSLA,1.24,133.67,-13.39,172.79,68,100.0,100.0,0.0,200,-4,20,False,False,10,0,False,0,,False,0,0.0,0.0,0.0,
2023-04-12,190.74,191.58,180.31,180.54,150.26,TSLA,-3.35,133.99,12.14,167.01,69,100.0,100.0,0.0,200,-4,20,False,False,10,0,False,0,,False,0,0.0,0.0,0.0,
2023-04-13,182.96,186.5,180.94,185.9,112.93,TSLA,2.97,132.34,-14.66,171.97,70,100.0,100.0,0.0,200,-4,20,False,False,10,0,False,0,,False,0,0.0,0.0,0.0,
2023-04-14,183.95,186.28,182.01,185.0,96.44,TSLA,-0.48,131.1,-26.44,171.14,71,100.0,100.0,0.0,200,-4,20,False,False,10,0,False,0,,False,0,0.0,0.0,0.0,
2023-04-17,186.32,189.69,182.69,187.04,116.66,TSLA,1.1,130.28,-10.45,173.02,72,100.0,100.0,0.0,200,-4,20,False,False,10,0,False,0,,False,0,0.0,0.0,0.0,
2023-04-18,187.15,187.69,183.58,184.31,92.07,TSLA,-1.46,128.4,-28.3,170.5,73,100.0,100.0,0.0,200,-4,20,False,False,10,0,False,0,,False,0,0.0,0.0,0.0,
2023-04-19,179.1,183.5,177.65,180.59,125.73,TSLA,-2.02,127.01,-1.01,167.06,74,100.0,100.0,0.0,200,-4,20,False,False,10,0,False,0,,False,0,0.0,0.0,0.0,
2023-04-20,166.17,169.7,160.56,162.99,210.97,TSLA,-9.75,130.04,62.23,150.78,75,100.0,100.0,0.0,200,-4,20,False,False,10,0,False,0,,False,0,0.0,0.0,0.0,
2023-04-21,164.8,166.0,161.32,165.08,123.54,TSLA,1.28,129.01,-4.24,152.71,76,100.0,100.0,0.0,200,-4,20,False,False,10,0,False,0,,False,0,0.0,0.0,0.0,
2023-04-24,164.65,165.65,158.61,162.55,140.01,TSLA,-1.53,130.2,7.54,150.37,77,100.0,100.0,0.0,200,-4,20,False,False,10,0,False,0,,False,0,0.0,0.0,0.0,
2023-04-25,159.82,163.47,158.75,160.67,122.0,TSLA,-1.16,130.25,-6.34,148.63,78,100.0,100.0,0.0,200,-4,20,False,False,10,0,False,0,,False,0,0.0,0.0,0.0,
2023-04-26,160.29,160.67,153.14,153.75,153.36,TSLA,-4.31,132.99,15.32,142.23,79,100.0,100.0,0.0,200,-4,20,False,False,10,0,False,0,,False,0,0.0,0.0,0.0,
2023-04-27,152.64,160.48,152.37,160.19,127.02,TSLA,4.19,133.16,-4.61,148.19,80,100.0,100.0,0.0,200,-4,20,False,False,10,0,False,0,,False,0,0.0,0.0,0.0,
2023-04-28,160.9,165.0,157.32,164.31,122.52,TSLA,2.57,133.77,-8.41,152.0,81,100.0,100.0,0.0,200,-4,20,False,False,10,0,False,0,,False,0,0.0,0.0,0.0,
2023-05-01,163.17,163.28,158.83,161.83,109.02,TSLA,-1.51,130.71,-16.6,149.7,82,100.0,100.0,0.0,200,-4,20,False,False,10,0,False,0,,False,0,0.0,0.0,0.0,
2023-05-02,161.88,165.49,158.93,160.31,128.26,TSLA,-0.94,128.65,-0.3,148.3,83,100.0,100.0,0.0,200,-4,20,False,False,10,0,False,0,,False,0,0.0,0.0,0.0,
2023-05-03,160.01,165.0,159.91,160.61,119.73,TSLA,0.19,128.31,-6.69,148.58,84,100.0,100.0,0.0,200,-4,20,False,False,10,0,False,0,,False,0,0.0,0.0,0.0,
2023-05-04,162.71,162.95,159.65,161.2,95.11,TSLA,0.37,126.37,-24.74,149.12,85,100.0,100.0,0.0,200,-4,20,False,False,10,0,False,0,,False,0,0.0,0.0,0.0,
2023-05-05,163.97,170.79,163.51,170.06,107.44,TSLA,5.5,125.55,-14.42,157.32,86,100.0,100.0,0.0,200,-4,20,False,False,10,0,False,0,,False,0,0.0,0.0,0.0,
2023-05-08,173.72,173.8,169.19,171.79,112.25,TSLA,1.02,124.05,-9.52,158.92,87,100.0,100.0,0.0,200,-4,20,False,False,10,0,False,0,,False,0,0.0,0.0,0.0,
2023-05-09,168.95,169.82,166.56,169.15,88.96,TSLA,-1.54,122.71,-27.5,156.48,88,100.0,100.0,0.0,200,-4,20,False,False,10,0,False,0,,False,0,0.0,0.0,0.0,
2023-05-10,172.55,174.43,166.68,168.54,119.84,TSLA,-0.36,121.19,-1.12,155.91,89,100.0,100.0,0.0,200,-4,20,False,False,10,0,False,0,,False,0,0.0,0.0,0.0,
2023-05-11,168.7,173.57,166.79,172.08,103.89,TSLA,2.1,120.74,-13.96,159.19,90,100.0,100.0,0.0,200,-4,20,False,False,10,0,False,0,,False,0,0.0,0.0,0.0,
2023-05-12,176.07,177.38,167.23,167.98,157.58,TSLA,-2.38,123.8,27.29,155.39,91,100.0,100.0,0.0,200,-4,20,False,False,10,0,False,0,,False,0,0.0,0.0,0.0,
2023-05-15,167.66,169.76,164.55,166.35,105.59,TSLA,-0.97,123.24,-14.32,153.89,92,100.0,100.0,0.0,200,-4,20,False,False,10,0,False,0,,False,0,0.0,0.0,0.0,
2023-05-16,165.65,169.52,164.35,166.52,98.29,TSLA,0.1,123.55,-20.45,154.04,93,100.0,100.0,0.0,200,-4,20,False,False,10,0,False,0,,False,0,0.0,0.0,0.0,
2023-05-17,168.41,174.5,167.19,173.86,125.47,TSLA,4.41,123.54,1.56,160.83,94,100.0,100.0,0.0,200,-4,20,False,False,10,0,False,0,,False,0,0.0,0.0,0.0,
2023-05-18,174.22,177.06,172.45,176.89,109.52,TSLA,1.74,118.47,-7.55,163.64,95,100.0,100.0,0.0,200,-4,20,False,False,10,0,False,0,,False,0,0.0,0.0,0.0,
2023-05-19,177.17,181.95,176.31,180.14,136.02,TSLA,1.84,119.09,14.22,166.64,96,100.0,100.0,0.0,200,-4,20,False,False,10,0,False,0,,False,0,0.0,0.0,0.0,
2023-05-22,180.7,189.32,180.11,188.87,132.0,TSLA,4.85,118.69,11.21,174.72,97,100.0,100.0,0.0,200,-4,20,False,False,10,0,False,0,,False,0,0.0,0.0,0.0,
2023-05-23,186.2,192.96,185.26,185.77,156.95,TSLA,-1.64,120.44,30.31,171.85,98,100.0,100.0,0.0,200,-4,20,False,False,10,0,False,0,,False,0,0.0,0.0,0.0,
2023-05-24,182.23,184.22,178.22,182.9,137.61,TSLA,-1.54,119.65,15.0,169.2,99,100.0,100.0,0.0,200,-4,20,False,False,10,0,False,0,,False,0,0.0,0.0,0.0,
2023-05-25,186.54,186.78,180.58,184.47,96.87,TSLA,0.86,118.15,-18.01,170.65,100,100.0,100.0,0.0,200,-4,20,False,False,10,0,False,0,,False,0,0.0,0.0,0.0,
2023-05-26,184.62,198.6,184.53,193.17,162.06,TSLA,4.72,120.12,34.91,178.7,101,100.0,100.0,0.0,200,-4,20,False,False,10,0,False,0,,False,0,0.0,0.0,0.0,
2023-05-30,200.1,204.48,197.53,201.16,128.82,TSLA,4.14,121.11,6.36,186.09,102,100.0,100.0,0.0,200,-4,20,False,False,10,0,False,0,,False,0,0.0,0.0,0.0,
2023-05-31,199.78,203.95,195.12,203.93,150.71,TSLA,1.38,122.24,23.3,188.65,103,100.0,100.0,0.0,200,-4,20,False,False,10,0,False,0,,False,0,0.0,0.0,0.0,
2023-06-01,202.59,209.8,199.37,207.52,148.03,TSLA,1.76,123.65,19.72,191.97,104,100.0,100.0,0.0,200,-4,20,False,False,10,0,False,0,,False,0,0.0,0.0,0.0,
2023-06-02,210.15,217.25,209.75,213.97,164.13,TSLA,3.11,127.1,29.13,197.94,105,100.0,100.0,0.0,200,-4,20,False,False,10,0,False,0,,False,0,0.0,0.0,0.0,
2023-06-05,217.8,221.29,214.52,217.61,151.14,TSLA,1.7,129.29,16.9,201.3,106,100.0,100.0,0.0,200,-4,20,False,False,10,0,False,0,,False,0,0.0,0.0,0.0,
2023-06-06,216.14,221.91,212.53,221.31,146.91,TSLA,1.7,131.02,12.13,204.73,107,100.0,100.0,0.0,200,-4,20,False,False,10,0,False,0,,False,0,0.0,0.0,0.0,
2023-06-07,228.0,230.83,223.2,224.57,185.71,TSLA,1.47,135.86,36.7,207.74,108,100.0,100.0,0.0,200,-4,20,False,False,10,0,False,0,,False,0,0.0,0.0,0.0,
2023-06-08,224.22,235.23,223.01,234.86,164.49,TSLA,4.58,138.09,19.12,217.26,109,100.0,100.0,0.0,200,-4,20,False,False,10,0,False,0,,False,0,0.0,0.0,0.0,
2023-06-09,249.07,252.42,242.02,244.4,199.88,TSLA,4.06,142.89,39.89,226.09,110,100.0,100.0,0.0,200,-4,20,False,False,10,0,False,0,,False,0,0.0,0.0,0.0,
2023-06-12,247.94,250.97,244.59,249.83,150.34,TSLA,2.22,142.53,5.48,231.11,111,100.0,100.0,0.0,200,-4,20,False,False,10,0,False,0,,False,0,0.0,0.0,0.0,
2023-06-13,253.51,259.68,251.34,258.71,162.38,TSLA,3.55,145.37,11.71,239.32,112,100.0,100.0,0.0,200,-4,20,False,False,10,0,False,0,,False,0,0.0,0.0,0.0,
2023-06-14,260.17,261.57,250.5,256.79,170.58,TSLA,-0.74,148.98,14.49,237.55,113,100.0,100.0,0.0,200,-4,20,False,False,10,0,False,0,,False,0,0.0,0.0,0.0,
2023-06-15,248.4,258.95,247.29,255.9,160.17,TSLA,-0.35,150.72,6.27,236.73,114,100.0,100.0,0.0,200,-4,20,False,False,10,0,False,0,,False,0,0.0,0.0,0.0,
2023-06-16,258.92,263.6,257.21,260.54,167.56,TSLA,1.81,153.62,9.08,241.02,115,100.0,100.0,0.0,200,-4,20,False,False,10,0,False,0,,False,0,0.0,0.0,0.0,
2023-06-20,261.5,274.75,261.12,274.45,165.61,TSLA,5.34,155.1,6.78,253.89,116,100.0,100.0,0.0,200,-4,20,False,False,10,0,False,0,,False,0,0.0,0.0,0.0,
2023-06-21,275.13,276.99,257.78,259.46,211.8,TSLA,-5.46,159.09,33.13,240.02,117,100.0,100.0,0.0,200,-4,20,False,False,10,0,False,0,,False,0,0.0,0.0,0.0,
2023-06-22,250.77,265.0,248.25,264.61,166.88,TSLA,1.98,159.58,4.57,244.78,118,100.0,100.0,0.0,200,-4,20,False,False,10,0,False,0,,False,0,0.0,0.0,0.0,
2023-06-23,259.29,262.45,252.8,256.6,176.58,TSLA,-3.03,161.53,9.32,237.37,119,100.0,100.0,0.0,200,-4,20,False,False,10,0,False,0,,False,0,0.0,0.0,0.0,
2023-06-26,250.07,258.37,240.7,241.05,179.99,TSLA,-6.06,165.69,8.63,222.99,120,100.0,100.0,0.0,200,-4,20,False,False,10,0,False,0,,False,0,0.0,0.0,0.0,
2023-06-27,243.24,250.39,240.85,250.21,164.97,TSLA,3.8,165.83,-0.52,231.46,121,100.0,100.0,0.0,200,-4,20,False,False,10,0,False,0,,False,0,0.0,0.0,0.0,
2023-06-28,249.7,259.88,248.89,256.24,159.77,TSLA,2.41,167.38,-4.55,237.04,122,100.0,100.0,0.0,200,-4,20,False,False,10,0,False,0,,False,0,0.0,0.0,0.0,
2023-06-29,258.03,260.74,253.61,257.5,131.28,TSLA,0.49,166.41,-21.11,238.21,123,100.0,100.0,0.0,200,-4,20,False,False,10,0,False,0,,False,0,0.0,0.0,0.0,
2023-06-30,260.6,264.45,259.89,261.77,112.27,TSLA,1.66,164.62,-31.8,242.16,124,100.0,100.0,0.0,200,-4,20,False,False,10,0,False,0,,False,0,0.0,0.0,0.0,
2023-07-03,276.49,284.25,275.11,279.82,119.69,TSLA,6.9,162.4,-26.3,258.85,125,100.0,100.0,0.0,200,-4,20,False,False,10,0,False,0,,False,0,0.0,0.0,0.0,
2023-07-05,278.82,283.85,277.6,282.48,131.53,TSLA,0.95,161.42,-18.52,261.31,126,100.0,100.0,0.0,200,-4,20,False,False,10,0,False,0,,False,0,0.0,0.0,0.0,
2023-07-06,278.09,279.97,272.88,276.54,120.33,TSLA,-2.1,160.09,-24.84,255.82,127,100.0,100.0,0.0,200,-4,20,False,False,10,0,False,0,,False,0,0.0,0.0,0.0,
2023-07-07,278.43,280.78,273.77,274.43,113.6,TSLA,-0.76,156.49,-27.4,253.87,128,100.0,100.0,0.0,200,-4,20,False,False,10,0,False,0,,False,0,0.0,0.0,0.0,
2023-07-10,276.47,277.52,265.1,269.61,119.43,TSLA,-1.76,154.23,-22.57,249.41,129,100.0,100.0,0.0,200,-4,20,False,False,10,0,False,0,,False,0,0.0,0.0,0.0,
2023-07-11,268.65,270.9,266.37,269.79,91.97,TSLA,0.07,148.84,-38.21,249.57,130,100.0,100.0,0.0,200,-4,20,False,False,10,0,False,0,,False,0,0.0,0.0,0.0,
2023-07-12,276.33,276.52,271.46,271.99,95.67,TSLA,0.82,146.1,-34.52,251.61,131,100.0,100.0,0.0,200,-4,20,False,False,10,0,False,0,,False,0,0.0,0.0,0.0,
2023-07-13,274.59,279.45,270.6,277.9,112.68,TSLA,2.17,143.62,-21.54,257.08,132,100.0,100.0,0.0,200,-4,20,False,False,10,0,False,0,,False,0,0.0,0.0,0.0,
2023-07-14,277.01,285.3,276.31,281.38,119.77,TSLA,1.25,141.08,-15.1,260.3,133,100.0,100.0,0.0,200,-4,20,False,False,10,0,False,0,,False,0,0.0,0.0,0.0,
2023-07-17,286.63,292.23,283.57,290.38,131.57,TSLA,3.2,139.65,-5.78,268.62,134,100.0,100.0,0.0,200,-4,20,False,False,10,0,False,0,,False,0,0.0,0.0,0.0,
2023-07-18,290.15,295.26,286.01,293.34,112.43,TSLA,1.02,136.89,-17.87,271.36,135,100.0,100.0,0.0,200,-4,20,False,False,10,0,False,0,,False,0,0.0,0.0,0.0,
2023-07-19,296.04,299.29,289.52,291.26,142.36,TSLA,-0.71,135.73,4.88,269.44,136,100.0,100.0,0.0,200,-4,20,False,False,10,0,False,0,,False,0,0.0,0.0,0.0,
2023-07-20,279.56,280.93,261.2,262.9,175.16,TSLA,-9.74,133.9,30.82,243.2,137,100.0,100.0,0.0,200,-4,20,False,False,10,0,False,0,,False,0,0.0,0.0,0.0,
2023-07-21,268.0,268.0,255.8,260.02,161.05,TSLA,-1.1,133.61,20.54,240.54,138,100.0,100.0,0.0,200,-4,20,False,False,10,0,False,0,,False,0,0.0,0.0,0.0,
2023-07-24,255.85,269.85,254.12,269.06,136.51,TSLA,3.48,131.6,3.73,248.9,139,100.0,100.0,0.0,200,-4,20,False,False,10,0,False,0,,False,0,0.0,0.0,0.0,
2023-07-25,272.38,272.9,265.0,265.28,112.76,TSLA,-1.4,128.24,-12.07,245.4,140,100.0,100.0,0.0,200,-4,20,False,False,10,0,False,0,,False,0,0.0,0.0,0.0,
2023-07-26,263.25,268.04,261.75,264.35,95.86,TSLA,-0.35,124.78,-23.18,244.54,141,100.0,100.0,0.0,200,-4,20,False,False,10,0,False,0,,False,0,0.0,0.0,0.0,
2023-07-27,268.31,269.13,255.3,255.71,103.7,TSLA,-3.27,121.98,-14.99,236.55,142,100.0,100.0,0.0,200,-4,20,False,False,10,0,False,0,,False,0,0.0,0.0,0.0,
2023-07-28,259.86,267.25,258.23,266.44,111.45,TSLA,4.2,120.99,-7.89,246.48,143,100.0,100.0,0.0,200,-4,20,False,False,10,0,False,0,,False,0,0.0,0.0,0.0,
2023-07-31,267.48,269.08,263.78,267.43,84.58,TSLA,0.37,119.6,-29.28,247.39,144,100.0,100.0,0.0,200,-4,20,False,False,10,0,False,0,,False,0,0.0,0.0,0.0,
2023-08-01,266.26,266.47,260.25,261.07,83.17,TSLA,-2.38,117.78,-29.39,241.51,145,100.0,100.0,0.0,200,-4,20,False,False,10,0,False,0,,False,0,0.0,0.0,0.0,
2023-08-02,255.57,259.52,250.49,254.11,101.75,TSLA,-2.67,116.29,-12.5,235.07,146,100.0,100.0,0.0,200,-4,20,False,False,10,0,False,0,,False,0,0.0,0.0,0.0,
2023-08-03,252.04,260.49,252.0,259.32,97.57,TSLA,2.05,115.15,-15.27,239.89,147,100.0,100.0,0.0,200,-4,20,False,False,10,0,False,0,,False,0,0.0,0.0,0.0,
2023-08-04,260.97,264.77,253.11,253.86,99.24,TSLA,-2.11,114.43,-13.27,234.84,148,100.0,100.0,0.0,200,-4,20,False,False,10,0,False,0,,False,0,0.0,0.0,0.0,
2023-08-07,251.45,253.65,242.76,251.45,111.1,TSLA,-0.95,114.02,-2.56,232.61,149,100.0,100.0,0.0,200,-4,20,False,False,10,0,False,0,,False,0,0.0,0.0,0.0,
2023-08-08,247.45,250.92,245.01,249.7,96.64,TSLA,-0.7,114.25,-15.41,230.99,150,100.0,100.0,0.0,200,-4,20,False,False,10,0,False,0,,False,0,0.0,0.0,0.0,
2023-08-09,250.87,251.1,241.9,242.19,101.6,TSLA,-3.01,114.55,-11.31,224.04,151,100.0,100.0,0.0,200,-4,20,False,False,10,0,False,0,,False,0,0.0,0.0,0.0,
2023-08-10,245.4,251.8,243.0,245.34,109.5,TSLA,1.3,114.39,-4.27,226.96,152,100.0,100.0,0.0,200,-4,20,False,False,10,0,False,0,,False,0,0.0,0.0,0.0,
2023-08-11,241.77,243.79,238.02,242.65,98.87,TSLA,-1.1,113.34,-12.77,224.47,153,100.0,100.0,0.0,200,-4,20,False,False,10,0,False,0,,False,0,0.0,0.0,0.0,
2023-08-14,235.7,240.66,233.75,239.76,98.6,TSLA,-1.19,111.69,-11.73,221.79,154,100.0,100.0,0.0,200,-4,20,False,False,10,0,False,0,,False,0,0.0,0.0,0.0,
2023-08-15,238.73,240.5,232.61,232.96,88.2,TSLA,-2.84,110.48,-20.17,215.5,155,100.0,100.0,0.0,200,-4,20,False,False,10,0,False,0,,False,0,0.0,0.0,0.0,
2023-08-16,228.02,233.97,225.38,225.6,112.48,TSLA,-3.16,108.99,3.21,208.7,156,100.0,100.0,0.0,200,-4,20,False,False,10,0,False,0,,False,0,0.0,0.0,0.0,
2023-08-17,226.06,226.74,218.83,219.22,120.72,TSLA,-2.83,106.27,13.6,202.79,157,100.0,100.0,0.0,200,-4,20,False,False,10,0,False,0,,False,0,0.0,0.0,0.0,
2023-08-18,214.12,217.58,212.36,215.49,135.81,TSLA,-1.7,105.0,29.34,199.34,158,100.0,100.0,0.0,200,-4,20,False,False,10,0,False,0,,False,0,0.0,0.0,0.0,
2023-08-21,221.55,232.13,220.58,231.28,135.7,TSLA,7.33,104.96,29.28,213.95,159,100.0,100.0,0.0,200,-4,20,False,False,10,0,False,0,,False,0,0.0,0.0,0.0,
2023-08-22,240.25,240.82,229.55,233.19,130.6,TSLA,0.83,105.86,23.37,215.72,160,100.0,100.0,0.0,200,-4,20,False,False,10,0,False,0,,False,0,0.0,0.0,0.0,
2023-08-23,229.34,238.98,229.29,236.86,101.08,TSLA,1.57,106.12,-4.75,219.11,161,100.0,100.0,0.0,200,-4,20,False,False,10,0,False,0,,False,0,0.0,0.0,0.0,
2023-08-24,238.66,238.92,228.18,230.04,99.78,TSLA,-2.88,105.92,-5.8,212.8,162,100.0,100.0,0.0,200,-4,20,False,False,10,0,False,0,,False,0,0.0,0.0,0.0,
2023-08-25,231.31,239.0,230.35,238.59,106.61,TSLA,3.72,105.68,0.88,220.71,163,100.0,100.0,0.0,200,-4,20,False,False,10,0,False,0,,False,0,0.0,0.0,0.0,
2023-08-28,242.58,244.38,235.35,238.82,107.67,TSLA,0.1,106.83,0.79,220.93,164,100.0,100.0,0.0,200,-4,20,False,False,10,0,False,0,,False,0,0.0,0.0,0.0,
2023-08-29,238.58,257.48,237.77,257.18,134.05,TSLA,7.69,109.38,22.55,237.91,165,100.0,100.0,0.0,200,-4,20,False,False,10,0,False,0,,False,0,0.0,0.0,0.0,
2023-08-30,254.2,260.51,250.59,256.9,121.99,TSLA,-0.11,110.39,10.51,237.65,166,100.0,100.0,0.0,200,-4,20,False,False,10,0,False,0,,False,0,0.0,0.0,0.0,
2023-08-31,255.98,261.18,255.05,258.08,108.86,TSLA,0.46,110.95,-1.89,238.74,167,100.0,100.0,0.0,200,-4,20,False,False,10,0,False,0,,False,0,0.0,0.0,0.0,
2023-09-01,257.26,259.08,242.01,245.01,132.27,TSLA,-5.06,112.61,17.46,226.65,168,100.0,100.0,0.0,200,-4,20,False,False,10,0,False,0,,False,0,0.0,0.0,0.0,
2023-09-05,245.0,258.0,244.86,256.49,129.47,TSLA,4.69,113.52,14.05,237.27,169,100.0,100.0,0.0,200,-4,20,False,False,10,0,False,0,,False,0,0.0,0.0,0.0,
2023-09-06,255.14,255.39,245.06,251.92,116.96,TSLA,-1.78,114.54,2.11,233.04,170,100.0,100.0,0.0,200,-4,20,False,False,10,0,False,0,,False,0,0.0,0.0,0.0,
2023-09-07,245.07,252.81,243.27,251.49,115.31,TSLA,-0.17,115.23,0.08,232.65,171,100.0,100.0,0.0,200,-4,20,False,False,10,0,False,0,,False,0,0.0,0.0,0.0,
2023-09-08,251.22,256.52,246.67,248.5,118.37,TSLA,-1.19,115.67,2.33,229.88,172,100.0,100.0,0.0,200,-4,20,False,False,10,0,False,0,,False,0,0.0,0.0,0.0,
2023-09-11,264.27,274.85,260.61,273.58,174.67,TSLA,10.09,119.46,46.21,253.08,173,100.0,100.0,0.0,200,-4,20,False,False,10,0,False,0,,False,0,0.0,0.0,0.0,
2023-09-12,270.76,278.39,266.6,267.48,136.0,TSLA,-2.23,121.33,12.09,247.44,174,100.0,100.0,0.0,200,-4,20,False,False,10,0,False,0,,False,0,0.0,0.0,0.0,
2023-09-13,270.07,274.98,268.1,271.3,111.67,TSLA,1.43,122.5,-8.84,250.97,175,100.0,100.0,0.0,200,-4,20,False,False,10,0,False,0,,False,0,0.0,0.0,0.0,
2023-09-14,271.32,276.71,270.42,276.04,107.71,TSLA,1.75,122.27,-11.9,255.36,176,100.0,100.0,0.0,200,-4,20,False,False,10,0,False,0,,False,0,0.0,0.0,0.0,
2023-09-15,277.55,278.98,271.0,274.39,133.42,TSLA,-0.6,122.9,8.56,253.83,177,100.0,100.0,0.0,200,-4,20,False,False,10,0,False,0,,False,0,0.0,0.0,0.0,
2023-09-18,271.16,271.44,263.76,265.28,101.54,TSLA,-3.32,121.19,-16.21,245.4,178,100.0,100.0,0.0,200,-4,20,False,False,10,0,False,0,,False,0,0.0,0.0,0.0,
2023-09-19,264.35,267.85,261.2,266.5,103.7,TSLA,0.46,119.59,-13.28,246.53,179,100.0,100.0,0.0,200,-4,20,False,False,10,0,False,0,,False,0,0.0,0.0,0.0,
2023-09-20,267.04,273.93,262.46,262.59,122.51,TSLA,-1.47,119.18,2.8,242.91,180,100.0,100.0,0.0,200,-4,20,False,False,10,0,False,0,,False,0,0.0,0.0,0.0,
2023-09-21,257.85,260.86,254.21,255.7,119.53,TSLA,-2.62,120.11,-0.48,236.54,181,100.0,100.0,0.0,200,-4,20,False,False,10,0,False,0,,False,0,0.0,0.0,0.0,
2023-09-22,257.4,257.79,244.48,244.88,127.52,TSLA,-4.23,121.49,4.96,226.53,182,100.0,100.0,0.0,200,-4,20,False,False,10,0,False,0,,False,0,0.0,0.0,0.0,
2023-09-25,243.38,247.1,238.31,246.99,104.64,TSLA,0.86,121.39,-13.8,228.48,183,100.0,100.0,0.0,200,-4,20,False,False,10,0,False,0,,False,0,0.0,0.0,0.0,
2023-09-26,242.98,249.55,241.66,244.12,101.99,TSLA,-1.16,121.11,-15.78,225.83,184,100.0,100.0,0.0,200,-4,20,False,False,10,0,False,0,,False,0,0.0,0.0,0.0,
2023-09-27,244.26,245.33,234.58,240.5,136.6,TSLA,-1.48,121.24,12.67,222.48,185,100.0,100.0,0.0,200,-4,20,False,False,10,0,False,0,,False,0,0.0,0.0,0.0,
2023-09-28,240.02,247.55,238.65,246.38,117.06,TSLA,2.44,120.99,-3.25,227.92,186,100.0,100.0,0.0,200,-4,20,False,False,10,0,False,0,,False,0,0.0,0.0,0.0,
2023-09-29,250.0,254.77,246.35,250.22,128.35,TSLA,1.56,121.97,5.23,231.47,187,100.0,100.0,0.0,200,-4,20,False,False,10,0,False,0,,False,0,0.0,0.0,0.0,
2023-10-02,244.81,254.28,242.62,251.6,123.81,TSLA,0.55,121.54,1.87,232.75,188,100.0,100.0,0.0,200,-4,20,False,False,10,0,False,0,,False,0,0.0,0.0,0.0,
2023-10-03,248.61,250.02,244.45,246.53,101.99,TSLA,-2.02,120.17,-15.13,228.06,189,100.0,100.0,0.0,200,-4,20,False,False,10,0,False,0,,False,0,0.0,0.0,0.0,
2023-10-04,248.14,261.86,247.6,261.16,129.72,TSLA,5.93,120.81,7.38,241.59,190,100.0,100.0,0.0,200,-4,20,False,False,10,0,False,0,,False,0,0.0,0.0,0.0,
2023-10-05,260.0,263.6,256.25,260.05,119.16,TSLA,-0.43,121.0,-1.52,240.56,191,100.0,100.0,0.0,200,-4,20,False,False,10,0,False,0,,False,0,0.0,0.0,0.0,
2023-10-06,253.98,261.65,250.65,260.53,117.95,TSLA,0.18,120.98,-2.5,241.01,192,100.0,100.0,0.0,200,-4,20,False,False,10,0,False,0,,False,0,0.0,0.0,0.0,
2023-10-09,255.31,261.36,252.05,259.67,101.38,TSLA,-0.33,117.31,-13.58,240.21,193,100.0,100.0,0.0,200,-4,20,False,False,10,0,False,0,,False,0,0.0,0.0,0.0,
2023-10-10,257.75,268.94,257.65,263.62,122.66,TSLA,1.52,116.65,5.15,243.87,194,100.0,100.0,0.0,200,-4,20,False,False,10,0,False,0,,False,0,0.0,0.0,0.0,
2023-10-11,266.2,268.6,260.9,262.99,103.71,TSLA,-0.24,116.25,-10.79,243.28,195,100.0,100.0,0.0,200,-4,20,False,False,10,0,False,0,,False,0,0.0,0.0,0.0,
2023-10-12,262.92,265.41,256.63,258.87,111.51,TSLA,-1.57,116.44,-4.23,239.47,196,100.0,100.0,0.0,200,-4,20,False,False,10,0,False,0,,False,0,0.0,0.0,0.0,
2023-10-13,258.9,259.6,250.22,251.12,102.07,TSLA,-2.99,114.87,-11.14,232.3,197,100.0,100.0,0.0,200,-4,20,False,False,10,0,False,0,,False,0,0.0,0.0,0.0,
2023-10-16,250.05,255.4,248.48,253.92,88.92,TSLA,1.12,114.24,-22.17,234.89,198,100.0,100.0,0.0,200,-4,20,False,False,10,0,False,0,,False,0,0.0,0.0,0.0,
2023-10-17,250.1,257.18,247.08,254.85,93.56,TSLA,0.37,113.73,-17.73,235.75,199,100.0,100.0,0.0,200,-4,20,False,False,10,0,False,0,,False,0,0.0,0.0,0.0,
2023-10-18,252.7,254.63,242.08,242.68,125.15,TSLA,-4.78,113.86,9.91,224.5,200,100.0,100.0,0.0,200,-4,20,False,False,10,0,False,0,,False,0,0.0,0.0,0.0,
2023-10-19,225.95,230.61,216.78,220.11,170.77,TSLA,-9.3,116.43,46.68,203.62,201,100.0,100.0,0.0,200,-4,20,False,False,10,0,False,0,,False,0,0.0,0.0,0.0,
2023-10-20,217.01,218.86,210.42,211.99,137.73,TSLA,-3.69,116.94,17.79,196.11,202,100.0,100.0,0.0,200,-4,20,False,False,10,0,False,0,,False,0,0.0,0.0,0.0,
2023-10-23,210.0,216.98,202.51,212.08,150.68,TSLA,0.04,119.24,26.37,196.19,203,100.0,100.0,0.0,200,-4,20,False,False,10,0,False,0,,False,0,0.0,0.0,0.0,
2023-10-24,216.5,222.05,214.11,216.52,118.23,TSLA,2.09,120.05,-1.51,200.3,204,100.0,100.0,0.0,200,-4,20,False,False,10,0,False,0,,False,0,0.0,0.0,0.0,
2023-10-25,215.88,220.1,212.2,212.42,107.07,TSLA,-1.89,118.57,-9.71,196.5,205,100.0,100.0,0.0,200,-4,20,False,False,10,0,False,0,,False,0,0.0,0.0,0.0,
2023-10-26,211.32,214.8,204.88,205.76,115.11,TSLA,-3.14,118.48,-2.84,190.34,206,100.0,100.0,0.0,200,-4,20,False,False,10,0,False,0,,False,0,0.0,0.0,0.0,
2023-10-27,210.6,212.41,205.77,207.3,94.88,TSLA,0.75,116.8,-18.77,191.77,207,100.0,100.0,0.0,200,-4,20,False,False,10,0,False,0,,False,0,0.0,0.0,0.0,
2023-10-30,209.28,210.88,194.67,197.36,136.45,TSLA,-4.79,117.43,16.19,182.57,208,100.0,100.0,0.0,200,-4,20,False,False,10,0,False,0,,False,0,0.0,0.0,0.0,
2023-10-31,196.12,202.8,194.07,200.84,118.07,TSLA,1.76,118.24,-0.14,185.79,209,100.0,100.0,0.0,200,-4,20,False,False,10,0,False,0,,False,0,0.0,0.0,0.0,
2023-11-01,204.04,205.99,197.85,205.66,121.66,TSLA,2.4,117.84,3.25,190.25,210,100.0,100.0,0.0,200,-4,20,False,False,10,0,False,0,,False,0,0.0,0.0,0.0,
2023-11-02,212.97,219.2,211.45,218.51,125.99,TSLA,6.25,118.18,6.61,202.14,211,100.0,100.0,0.0,200,-4,20,False,False,10,0,False,0,,False,0,0.0,0.0,0.0,
2023-11-03,221.15,226.37,218.4,219.96,119.28,TSLA,0.66,118.24,0.88,203.48,212,100.0,100.0,0.0,200,-4,20,False,False,10,0,False,0,,False,0,0.0,0.0,0.0,
2023-11-06,223.98,226.32,215.0,219.27,117.34,TSLA,-0.31,119.04,-1.43,202.84,213,100.0,100.0,0.0,200,-4,20,False,False,10,0,False,0,,False,0,0.0,0.0,0.0,
2023-11-07,219.98,223.12,215.72,222.18,116.9,TSLA,1.33,118.75,-1.56,205.53,214,100.0,100.0,0.0,200,-4,20,False,False,10,0,False,0,,False,0,0.0,0.0,0.0,
2023-11-08,223.15,224.15,217.64,222.11,106.58,TSLA,-0.03,118.9,-10.36,205.47,215,100.0,100.0,0.0,200,-4,20,False,False,10,0,False,0,,False,0,0.0,0.0,0.0,
2023-11-09,219.75,220.8,206.68,209.98,142.11,TSLA,-5.46,120.43,18.0,194.25,216,100.0,100.0,0.0,200,-4,20,False,False,10,0,False,0,,False,0,0.0,0.0,0.0,
2023-11-10,210.03,215.38,205.69,214.65,130.99,TSLA,2.22,121.87,7.48,198.57,217,100.0,100.0,0.0,200,-4,20,False,False,10,0,False,0,,False,0,0.0,0.0,0.0,
2023-11-13,215.6,225.4,211.61,223.71,140.45,TSLA,4.22,124.45,12.85,206.95,218,100.0,100.0,0.0,200,-4,20,False,False,10,0,False,0,,False,0,0.0,0.0,0.0,
2023-11-14,235.03,238.14,230.72,237.41,149.77,TSLA,6.12,127.26,17.69,219.62,219,100.0,100.0,0.0,200,-4,20,False,False,10,0,False,0,,False,0,0.0,0.0,0.0,
2023-11-15,239.29,246.7,236.45,242.84,150.35,TSLA,2.29,128.52,16.99,224.64,220,100.0,100.0,0.0,200,-4,20,False,False,10,0,False,0,,False,0,0.0,0.0,0.0,
2023-11-16,239.49,240.88,230.96,233.59,136.82,TSLA,-3.81,126.82,7.88,216.09,221,100.0,100.0,0.0,200,-4,20,False,False,10,0,False,0,,False,0,0.0,0.0,0.0,
2023-11-17,232.0,237.39,226.54,234.3,142.53,TSLA,0.3,127.06,12.17,216.74,222,100.0,100.0,0.0,200,-4,20,False,False,10,0,False,0,,False,0,0.0,0.0,0.0,
2023-11-20,234.04,237.1,231.02,235.6,116.32,TSLA,0.55,125.35,-7.2,217.95,223,100.0,100.0,0.0,200,-4,20,False,False,10,0,False,0,,False,0,0.0,0.0,0.0,
2023-11-21,235.04,243.62,233.34,241.2,122.29,TSLA,2.38,125.55,-2.6,223.13,224,100.0,100.0,0.0,200,-4,20,False,False,10,0,False,0,,False,0,0.0,0.0,0.0,
2023-11-22,242.04,244.01,231.4,234.21,117.95,TSLA,-2.9,126.09,-6.46,216.66,225,100.0,100.0,0.0,200,-4,20,False,False,10,0,False,0,,False,0,0.0,0.0,0.0,
2023-11-24,233.75,238.75,232.33,235.45,65.13,TSLA,0.53,123.59,-47.31,217.81,226,100.0,100.0,0.0,200,-4,20,False,False,10,0,False,0,,False,0,0.0,0.0,0.0,
2023-11-27,236.89,238.33,232.1,236.08,112.03,TSLA,0.27,124.45,-9.98,218.39,227,100.0,100.0,0.0,200,-4,20,False,False,10,0,False,0,,False,0,0.0,0.0,0.0,
2023-11-28,236.68,247.0,234.01,246.72,148.55,TSLA,4.51,125.06,18.79,228.23,228,100.0,100.0,0.0,200,-4,20,False,False,10,0,False,0,,False,0,0.0,0.0,0.0,
2023-11-29,249.21,252.75,242.76,244.14,135.4,TSLA,-1.05,125.92,7.53,225.85,229,100.0,100.0,0.0,200,-4,20,False,False,10,0,False,0,,False,0,0.0,0.0,0.0,
2023-11-30,245.14,245.22,236.91,240.08,132.35,TSLA,-1.66,126.46,4.66,222.09,230,100.0,100.0,0.0,200,-4,20,False,False,10,0,False,0,,False,0,0.0,0.0,0.0,
2023-12-01,233.14,240.19,231.9,238.83,121.17,TSLA,-0.52,126.22,-4.0,220.93,231,100.0,100.0,0.0,200,-4,20,False,False,10,0,False,0,,False,0,0.0,0.0,0.0,
2023-12-04,235.75,239.37,233.29,235.58,104.1,TSLA,-1.36,125.46,-17.02,217.93,232,100.0,100.0,0.0,200,-4,20,False,False,10,0,False,0,,False,0,0.0,0.0,0.0,
2023-12-05,233.87,246.66,233.7,238.72,137.97,TSLA,1.33,126.49,9.08,220.83,233,100.0,100.0,0.0,200,-4,20,False,False,10,0,False,0,,False,0,0.0,0.0,0.0,
2023-12-06,242.92,246.57,239.17,239.37,126.44,TSLA,0.27,126.97,-0.42,221.43,234,100.0,100.0,0.0,200,-4,20,False,False,10,0,False,0,,False,0,0.0,0.0,0.0,
2023-12-07,241.55,244.08,236.98,242.64,107.14,TSLA,1.37,126.99,-15.63,224.46,235,100.0,100.0,0.0,200,-4,20,False,False,10,0,False,0,,False,0,0.0,0.0,0.0,
2023-12-08,240.27,245.27,239.27,243.84,102.98,TSLA,0.49,125.04,-17.64,225.57,236,100.0,100.0,0.0,200,-4,20,False,False,10,0,False,0,,False,0,0.0,0.0,0.0,
2023-12-11,242.74,243.44,237.45,239.74,97.91,TSLA,-1.68,123.38,-20.64,221.78,237,100.0,100.0,0.0,200,-4,20,False,False,10,0,False,0,,False,0,0.0,0.0,0.0,
2023-12-12,238.55,238.99,233.87,237.01,95.33,TSLA,-1.14,121.13,-21.3,219.25,238,100.0,100.0,0.0,200,-4,20,False,False,10,0,False,0,,False,0,0.0,0.0,0.0,
2023-12-13,234.19,240.3,228.2,239.29,146.29,TSLA,0.96,120.95,20.94,221.36,239,100.0,100.0,0.0,200,-4,20,False,False,10,0,False,0,,False,0,0.0,0.0,0.0,
2023-12-14,241.22,253.88,240.79,251.05,160.83,TSLA,4.91,121.48,32.4,232.24,240,100.0,100.0,0.0,200,-4,20,False,False,10,0,False,0,,False,0,0.0,0.0,0.0,
2023-12-15,251.21,254.13,248.3,253.5,135.72,TSLA,0.98,121.42,11.78,234.51,241,100.0,100.0,0.0,200,-4,20,False,False,10,0,False,0,,False,0,0.0,0.0,0.0,
2023-12-18,253.78,258.74,251.36,252.08,116.42,TSLA,-0.56,120.12,-3.08,233.19,242,100.0,100.0,0.0,200,-4,20,False,False,10,0,False,0,,False,0,0.0,0.0,0.0,
2023-12-19,253.48,258.34,253.01,257.22,106.74,TSLA,2.04,119.64,-10.78,237.95,243,100.0,100.0,0.0,200,-4,20,False,False,10,0,False,0,,False,0,0.0,0.0,0.0,
2023-12-20,256.41,259.84,247.0,247.14,125.1,TSLA,-3.92,119.78,4.44,228.62,244,100.0,100.0,0.0,200,-4,20,False,False,10,0,False,0,,False,0,0.0,0.0,0.0,
2023-12-21,251.9,254.8,248.55,254.5,109.59,TSLA,2.98,119.36,-8.18,235.43,245,100.0,100.0,0.0,200,-4,20,False,False,10,0,False,0,,False,0,0.0,0.0,0.0,
2023-12-22,256.76,258.22,251.37,252.54,93.25,TSLA,-0.77,120.77,-22.78,233.62,246,100.0,100.0,0.0,200,-4,20,False,False,10,0,False,0,,False,0,0.0,0.0,0.0,
2023-12-26,254.49,257.97,252.91,256.61,86.89,TSLA,1.61,119.51,-27.29,237.38,247,100.0,100.0,0.0,200,-4,20,False,False,10,0,False,0,,False,0,0.0,0.0,0.0,
2023-12-27,258.35,263.34,257.52,261.44,106.49,TSLA,1.88,117.41,-9.29,241.85,248,100.0,100.0,0.0,200,-4,20,False,False,10,0,False,0,,False,0,0.0,0.0,0.0,
2023-12-28,263.66,265.13,252.71,253.18,113.62,TSLA,-3.16,116.32,-2.32,234.21,249,100.0,100.0,0.0,200,-4,20,False,False,10,0,False,0,,False,0,0.0,0.0,0.0,
2023-12-29,255.1,255.19,247.43,248.48,100.62,TSLA,-1.86,114.73,-12.3,229.86,250,100.0,100.0,0.0,200,-4,20,False,False,10,0,False,0,,False,0,0.0,0.0,0.0,
2024-01-02,250.08,251.25,244.41,248.42,104.65,TSLA,-0.02,113.9,-8.12,229.81,251,100.0,100.0,0.0,200,-4,20,False,False,10,0,False,0,,False,0,0.0,0.0,0.0,
2024-01-03,244.98,245.68,236.32,238.45,121.08,TSLA,-4.01,114.75,5.52,220.58,252,100.0,100.0,0.0,200,-4,20,False,False,10,0,False,0,,False,0,0.0,0.0,0.0,
2024-01-04,239.25,242.7,237.73,237.93,102.63,TSLA,-0.22,112.99,-9.17,220.1,253,100.0,100.0,0.0,200,-4,20,False,False,10,0,False,0,,False,0,0.0,0.0,0.0,
2024-01-05,236.86,240.12,234.9,237.49,92.38,TSLA,-0.18,111.28,-16.99,219.69,254,100.0,100.0,0.0,200,-4,20,False,False,10,0,False,0,,False,0,0.0,0.0,0.0,
2024-01-08,236.14,241.25,235.3,240.45,85.17,TSLA,1.25,110.18,-22.71,222.43,255,100.0,100.0,0.0,200,-4,20,False,False,10,0,False,0,,False,0,0.0,0.0,0.0,
2024-01-09,238.11,238.96,232.04,234.96,96.71,TSLA,-2.28,109.87,-11.98,217.35,256,100.0,100.0,0.0,200,-4,20,False,False,10,0,False,0,,False,0,0.0,0.0,0.0,
2024-01-10,235.1,235.5,231.29,233.94,91.63,TSLA,-0.43,109.56,-16.36,216.41,257,100.0,100.0,0.0,200,-4,20,False,False,10,0,False,0,,False,0,0.0,0.0,0.0,
2024-01-11,230.57,230.93,225.37,227.22,105.87,TSLA,-2.87,110.08,-3.82,210.19,258,100.0,100.0,0.0,200,-4,20,False,False,10,0,False,0,,False,0,0.0,0.0,0.0,
2024-01-12,220.08,225.34,217.15,218.89,122.89,TSLA,-3.67,108.91,12.83,202.49,259,100.0,100.0,0.0,200,-4,20,False,False,10,0,False,0,,False,0,0.0,0.0,0.0,
2024-01-16,215.1,223.49,212.18,219.91,115.36,TSLA,0.47,106.64,8.17,203.43,260,100.0,100.0,0.0,200,-4,20,False,False,10,0,False,0,,False,0,0.0,0.0,0.0,
2024-01-17,214.86,215.67,212.01,215.55,103.16,TSLA,-1.98,105.01,-1.76,199.4,261,100.0,100.0,0.0,200,-4,20,False,False,10,0,False,0,,False,0,0.0,0.0,0.0,
2024-01-18,216.88,217.45,208.74,211.88,108.6,TSLA,-1.7,104.62,3.8,196.0,262,100.0,100.0,0.0,200,-4,20,False,False,10,0,False,0,,False,0,0.0,0.0,0.0,
2024-01-19,209.99,213.19,207.56,212.19,102.1,TSLA,0.15,104.39,-2.2,196.29,263,100.0,100.0,0.0,200,-4,20,False,False,10,0,False,0,,False,0,0.0,0.0,0.0,
2024-01-22,212.26,217.8,206.27,208.8,117.95,TSLA,-1.6,104.03,13.38,193.15,264,100.0,100.0,0.0,200,-4,20,False,False,10,0,False,0,,False,0,0.0,0.0,0.0,
2024-01-23,211.3,215.65,207.75,209.14,106.61,TSLA,0.16,103.88,2.62,193.47,265,100.0,100.0,0.0,200,-4,20,False,False,10,0,False,0,,False,0,0.0,0.0,0.0,
2024-01-24,211.88,212.73,206.77,207.83,123.37,TSLA,-0.63,105.39,17.06,192.26,266,100.0,100.0,0.0,200,-4,20,False,False,10,0,False,0,,False,0,0.0,0.0,0.0,
2024-01-25,189.7,193.0,180.06,182.63,198.08,TSLA,-12.13,110.95,78.53,168.95,267,100.0,100.0,0.0,200,-4,20,False,False,10,0,False,0,,False,0,0.0,0.0,0.0,
2024-01-26,185.5,186.78,182.1,183.25,107.34,TSLA,0.34,110.99,-3.29,169.52,268,100.0,100.0,0.0,200,-4,20,False,False,10,0,False,0,,False,0,0.0,0.0,0.0,
2024-01-29,185.63,191.48,183.67,190.93,125.01,TSLA,4.19,111.56,12.06,176.62,269,100.0,100.0,0.0,200,-4,20,False,False,10,0,False,0,,False,0,0.0,0.0,0.0,
2024-01-30,195.33,196.36,190.61,191.59,109.98,TSLA,0.35,112.03,-1.83,177.23,270,100.0,100.0,0.0,200,-4,20,False,False,10,0,False,0,,False,0,0.0,0.0,0.0,
2024-01-31,187.0,193.97,185.85,187.29,103.22,TSLA,-2.24,111.96,-7.8,173.26,271,100.0,100.0,0.0,200,-4,20,False,False,10,0,False,0,,False,0,0.0,0.0,0.0,
2024-02-01,188.5,189.88,184.28,188.86,91.84,TSLA,0.84,110.49,-16.88,174.71,272,100.0,100.0,0.0,200,-4,20,False,False,10,0,False,0,,False,0,0.0,0.0,0.0,
2024-02-02,185.04,188.69,182.0,187.91,110.51,TSLA,-0.5,110.89,-0.35,173.83,273,100.0,100.0,0.0,200,-4,20,False,False,10,0,False,0,,False,0,0.0,0.0,0.0,
2024-02-05,184.26,184.68,175.01,181.06,134.29,TSLA,-3.65,112.98,18.86,167.49,274,100.0,100.0,0.0,200,-4,20,False,False,10,0,False,0,,False,0,0.0,0.0,0.0,
2024-02-06,177.21,186.49,177.11,185.1,122.68,TSLA,2.23,114.86,6.81,171.23,275,100.0,100.0,0.0,200,-4,20,False,False,10,0,False,0,,False,0,0.0,0.0,0.0,
2024-02-07,188.18,189.79,182.68,187.58,111.54,TSLA,1.34,115.6,-3.52,173.52,276,100.0,100.0,0.0,200,-4,20,False,False,10,0,False,0,,False,0,0.0,0.0,0.0,
2024-02-08,189.0,191.62,185.58,189.56,83.03,TSLA,1.06,115.17,-27.9,175.36,277,100.0,100.0,0.0,200,-4,20,False,False,10,0,False,0,,False,0,0.0,0.0,0.0,
2024-02-09,190.18,194.12,189.48,193.57,84.48,TSLA,2.12,114.1,-25.96,179.07,278,100.0,100.0,0.0,200,-4,20,False,False,10,0,False,0,,False,0,0.0,0.0,0.0,
2024-02-12,192.11,194.73,187.28,188.13,95.5,TSLA,-2.81,112.73,-15.29,174.03,279,100.0,100.0,0.0,200,-4,20,False,False,10,0,False,0,,False,0,0.0,0.0,0.0,
2024-02-13,183.99,187.26,182.11,184.02,86.76,TSLA,-2.18,111.3,-22.05,170.23,280,100.0,100.0,0.0,200,-4,20,False,False,10,0,False,0,,False,0,0.0,0.0,0.0,
2024-02-14,185.3,188.89,183.35,188.71,81.2,TSLA,2.55,110.2,-26.32,174.57,281,100.0,100.0,0.0,200,-4,20,False,False,10,0,False,0,,False,0,0.0,0.0,0.0,
2024-02-15,189.16,200.88,188.86,200.45,120.83,TSLA,6.22,110.82,9.04,185.43,282,100.0,100.0,0.0,200,-4,20,False,False,10,0,False,0,,False,0,0.0,0.0,0.0,
2024-02-16,202.06,203.17,197.4,199.95,111.17,TSLA,-0.25,111.27,-0.09,184.97,283,100.0,100.0,0.0,200,-4,20,False,False,10,0,False,0,,False,0,0.0,0.0,0.0,
2024-02-20,196.13,198.6,189.13,193.76,104.55,TSLA,-3.1,110.6,-5.47,179.24,284,100.0,100.0,0.0,200,-4,20,False,False,10,0,False,0,,False,0,0.0,0.0,0.0,
2024-02-21,193.36,199.44,191.95,194.77,103.84,TSLA,0.52,110.46,-5.99,180.18,285,100.0,100.0,0.0,200,-4,20,False,False,10,0,False,0,,False,0,0.0,0.0,0.0,
2024-02-22,194.0,198.32,191.36,197.41,92.74,TSLA,1.36,108.93,-14.86,182.62,286,100.0,100.0,0.0,200,-4,20,False,False,10,0,False,0,,False,0,0.0,0.0,0.0,
2024-02-23,195.31,197.57,191.5,191.97,78.84,TSLA,-2.76,102.97,-23.43,177.59,287,100.0,100.0,0.0,200,-4,20,False,False,10,0,False,0,,False,0,0.0,0.0,0.0,
2024-02-26,192.29,201.78,192.0,199.4,111.75,TSLA,3.87,103.19,8.29,184.46,288,100.0,100.0,0.0,200,-4,20,False,False,10,0,False,0,,False,0,0.0,0.0,0.0,
2024-02-27,204.04,205.6,198.26,199.73,108.65,TSLA,0.17,102.37,6.13,184.76,289,100.0,100.0,0.0,200,-4,20,False,False,10,0,False,0,,False,0,0.0,0.0,0.0,
2024-02-28,200.42,205.3,198.44,202.04,99.81,TSLA,1.16,101.86,-2.02,186.9,290,100.0,100.0,0.0,200,-4,20,False,False,10,0,False,0,,False,0,0.0,0.0,0.0,
2024-02-29,204.18,205.28,198.45,201.88,85.91,TSLA,-0.08,101.0,-14.94,186.75,291,100.0,100.0,0.0,200,-4,20,False,False,10,0,False,0,,False,0,0.0,0.0,0.0,
2024-03-01,200.52,204.52,198.5,202.64,82.1,TSLA,0.38,100.51,-18.32,187.46,292,100.0,100.0,0.0,200,-4,20,False,False,10,0,False,0,,False,0,0.0,0.0,0.0,
2024-03-04,198.73,199.75,186.72,188.14,134.33,TSLA,-7.16,101.7,32.09,174.04,293,100.0,100.0,0.0,200,-4,20,False,False,10,0,False,0,,False,0,0.0,0.0,0.0,
2024-03-05,183.05,184.59,177.57,180.74,119.66,TSLA,-3.93,100.97,18.51,167.2,294,100.0,100.0,0.0,200,-4,20,False,False,10,0,False,0,,False,0,0.0,0.0,0.0,
2024-03-06,179.99,181.58,173.7,176.54,107.92,TSLA,-2.32,100.23,7.67,163.31,295,100.0,100.0,0.0,200,-4,20,False,False,10,0,False,0,,False,0,0.0,0.0,0.0,
2024-03-07,174.35,180.04,173.7,178.65,102.13,TSLA,1.2,99.76,2.37,165.26,296,100.0,100.0,0.0,200,-4,20,False,False,10,0,False,0,,False,0,0.0,0.0,0.0,
2024-03-08,181.5,182.73,174.7,175.34,85.32,TSLA,-1.85,99.87,-14.58,162.2,297,100.0,100.0,0.0,200,-4,20,False,False,10,0,False,0,,False,0,0.0,0.0,0.0,
2024-03-11,175.45,182.87,174.8,177.77,85.39,TSLA,1.39,99.92,-14.54,164.45,298,100.0,100.0,0.0,200,-4,20,False,False,10,0,False,0,,False,0,0.0,0.0,0.0,
2024-03-12,177.77,179.43,172.41,177.54,87.39,TSLA,-0.13,99.51,-12.18,164.24,299,100.0,100.0,0.0,200,-4,20,False,False,10,0,False,0,,False,0,0.0,0.0,0.0,
2024-03-13,173.05,176.05,169.15,169.48,106.52,TSLA,-4.54,100.5,5.99,156.78,300,100.0,100.0,0.0,200,-4,20,False,False,10,0,False,0,,False,0,0.0,0.0,0.0,
2024-03-14,167.77,171.17,160.51,162.5,126.33,TSLA,-4.12,102.76,22.93,150.32,301,100.0,100.0,0.0,200,-4,20,False,False,10,0,False,0,,False,0,0.0,0.0,0.0,
2024-03-15,163.16,165.18,160.76,163.57,96.97,TSLA,0.66,101.57,-4.52,151.31,302,100.0,100.0,0.0,200,-4,20,False,False,10,0,False,0,,False,0,0.0,0.0,0.0,
2024-03-18,170.02,174.72,165.9,173.8,108.21,TSLA,6.25,101.42,6.7,160.78,303,100.0,100.0,0.0,200,-4,20,False,False,10,0,False,0,,False,0,0.0,0.0,0.0,
2024-03-19,172.36,172.82,167.42,171.32,77.27,TSLA,-1.43,100.05,-22.77,158.48,304,100.0,100.0,0.0,200,-4,20,False,False,10,0,False,0,,False,0,0.0,0.0,0.0,
2024-03-20,173.0,176.25,170.82,175.66,83.85,TSLA,2.53,99.05,-15.35,162.5,305,100.0,100.0,0.0,200,-4,20,False,False,10,0,False,0,,False,0,0.0,0.0,0.0,
2024-03-21,176.39,178.18,171.8,172.82,73.18,TSLA,-1.62,98.08,-25.39,159.87,306,100.0,100.0,0.0,200,-4,20,False,False,10,0,False,0,,False,0,0.0,0.0,0.0,
2024-03-22,166.69,171.2,166.3,170.83,75.45,TSLA,-1.15,97.91,-22.93,158.03,307,100.0,100.0,0.0,200,-4,20,False,False,10,0,False,0,,False,0,0.0,0.0,0.0,
2024-03-25,168.76,175.24,168.73,172.63,74.23,TSLA,1.05,96.03,-22.7,159.69,308,100.0,100.0,0.0,200,-4,20,False,False,10,0,False,0,,False,0,0.0,0.0,0.0,
2024-03-26,178.58,184.25,177.38,177.67,113.19,TSLA,2.92,96.26,17.59,164.36,309,100.0,100.0,0.0,200,-4,20,False,False,10,0,False,0,,False,0,0.0,0.0,0.0,
2024-03-27,181.41,181.91,176.0,179.83,81.8,TSLA,1.22,95.36,-14.21,166.36,310,100.0,100.0,0.0,200,-4,20,False,False,10,0,False,0,,False,0,0.0,0.0,0.0,
2024-03-28,177.45,179.57,175.3,175.79,77.65,TSLA,-2.25,94.95,-18.21,162.62,311,100.0,100.0,0.0,200,-4,20,False,False,10,0,False,0,,False,0,0.0,0.0,0.0,
2024-04-01,176.17,176.75,170.21,175.22,81.56,TSLA,-0.32,94.92,-14.07,162.09,312,100.0,100.0,0.0,200,-4,20,False,False,10,0,False,0,,False,0,0.0,0.0,0.0,
2024-04-02,164.75,167.69,163.43,166.63,116.65,TSLA,-4.9,94.03,24.05,154.14,313,100.0,100.0,0.0,200,-4,20,False,False,10,0,False,0,,False,0,0.0,0.0,0.0,
2024-04-03,164.02,168.82,163.28,168.38,82.95,TSLA,1.05,92.2,-10.03,155.76,314,100.0,100.0,0.0,200,-4,20,False,False,10,0,False,0,,False,0,0.0,0.0,0.0,
2024-04-04,170.07,177.19,168.01,171.11,123.16,TSLA,1.62,92.96,32.49,158.29,315,100.0,100.0,0.0,200,-4,20,False,False,10,0,False,0,,False,0,0.0,0.0,0.0,
2024-04-05,169.08,170.86,160.51,164.9,141.25,TSLA,-3.63,94.92,48.82,152.54,316,100.0,100.0,0.0,200,-4,20,False,False,10,0,False,0,,False,0,0.0,0.0,0.0,
2024-04-08,169.34,174.5,167.79,172.98,104.42,TSLA,4.9,95.87,8.92,160.02,317,100.0,100.0,0.0,200,-4,20,False,False,10,0,False,0,,False,0,0.0,0.0,0.0,
2024-04-09,172.91,179.22,171.92,176.88,103.23,TSLA,2.25,96.76,6.68,163.63,318,100.0,100.0,0.0,200,-4,20,False,False,10,0,False,0,,False,0,0.0,0.0,0.0,
2024-04-10,173.04,174.93,170.01,171.76,84.53,TSLA,-2.89,96.62,-12.51,158.89,319,100.0,100.0,0.0,200,-4,20,False,False,10,0,False,0,,False,0,0.0,0.0,0.0,
2024-04-11,172.55,175.88,168.51,174.6,94.52,TSLA,1.65,96.02,-1.57,161.52,320,100.0,100.0,0.0,200,-4,20,False,False,10,0,False,0,,False,0,0.0,0.0,0.0,
2024-04-12,172.34,173.81,170.36,171.05,64.51,TSLA,-2.03,92.93,-30.59,158.23,321,100.0,100.0,0.0,200,-4,20,False,False,10,0,False,0,,False,0,0.0,0.0,0.0,
2024-04-15,170.24,170.69,161.38,161.48,100.25,TSLA,-5.59,93.09,7.68,149.38,322,100.0,100.0,0.0,200,-4,20,False,False,10,0,False,0,,False,0,0.0,0.0,0.0,
2024-04-16,156.74,158.19,153.75,157.11,97.0,TSLA,-2.71,92.53,4.83,145.34,323,100.0,100.0,0.0,200,-4,20,False,False,10,0,False,0,,False,0,0.0,0.0,0.0,
2024-04-17,157.64,158.33,153.78,155.45,82.44,TSLA,-1.06,92.79,-11.16,143.8,324,100.0,100.0,0.0,200,-4,20,False,False,10,0,False,0,,False,0,0.0,0.0,0.0,
2024-04-18,151.25,152.2,148.7,149.93,96.1,TSLA,-3.55,93.4,2.89,138.7,325,100.0,100.0,0.0,200,-4,20,False,False,10,0,False,0,,False,0,0.0,0.0,0.0,
2024-04-19,148.97,150.94,146.22,147.05,86.01,TSLA,-1.92,94.05,-8.55,136.03,326,100.0,100.0,0.0,200,-4,20,False,False,10,0,False,0,,False,0,0.0,0.0,0.0,
2024-04-22,140.56,144.44,138.8,142.05,107.1,TSLA,-3.4,95.63,11.99,131.41,327,100.0,100.0,0.0,200,-4,20,False,False,10,0,False,0,,False,0,0.0,0.0,0.0,
2024-04-23,143.33,147.26,141.11,144.68,124.55,TSLA,1.85,98.14,26.9,133.84,328,100.0,100.0,0.0,200,-4,20,False,False,10,0,False,0,,False,0,0.0,0.0,0.0,
2024-04-24,162.84,167.97,157.51,162.13,181.18,TSLA,12.06,101.54,78.43,149.98,329,100.0,100.0,0.0,200,-4,20,False,False,10,0,False,0,,False,0,0.0,0.0,0.0,
2024-04-25,158.96,170.88,158.36,170.18,126.43,TSLA,4.97,103.77,21.83,157.43,330,100.0,100.0,0.0,200,-4,20,False,False,10,0,False,0,,False,0,0.0,0.0,0.0,
2024-04-26,168.85,172.12,166.37,168.29,109.82,TSLA,-1.11,105.38,4.21,155.68,331,100.0,100.0,0.0,200,-4,20,False,False,10,0,False,0,,False,0,0.0,0.0,0.0,
2024-04-29,188.42,198.87,184.54,194.05,243.87,TSLA,15.31,113.5,114.87,179.51,332,100.0,100.0,0.0,200,-4,20,False,False,10,0,False,0,,False,0,0.0,0.0,0.0,
2024-04-30,186.98,190.95,182.84,183.28,127.03,TSLA,-5.55,114.02,11.42,169.55,333,100.0,100.0,0.0,200,-4,20,False,False,10,0,False,0,,False,0,0.0,0.0,0.0,
2024-05-01,182.0,185.86,179.01,179.99,92.83,TSLA,-1.8,114.51,-18.93,166.5,334,100.0,100.0,0.0,200,-4,20,False,False,10,0,False,0,,False,0,0.0,0.0,0.0,
2024-05-02,182.86,184.6,176.02,180.01,89.15,TSLA,0.01,112.81,-20.97,166.52,335,100.0,100.0,0.0,200,-4,20,False,False,10,0,False,0,,False,0,0.0,0.0,0.0,
2024-05-03,182.1,184.78,178.42,181.19,75.49,TSLA,0.66,109.52,-31.07,167.61,336,100.0,100.0,0.0,200,-4,20,False,False,10,0,False,0,,False,0,0.0,0.0,0.0,
2024-05-06,183.8,187.56,182.2,184.76,84.39,TSLA,1.97,108.52,-22.24,170.92,337,100.0,100.0,0.0,200,-4,20,False,False,10,0,False,0,,False,0,0.0,0.0,0.0,
2024-05-07,182.4,183.26,177.4,177.81,75.05,TSLA,-3.76,107.11,-29.94,164.49,338,100.0,100.0,0.0,200,-4,20,False,False,10,0,False,0,,False,0,0.0,0.0,0.0,
2024-05-08,171.59,176.06,170.15,174.72,79.97,TSLA,-1.74,106.88,-25.18,161.63,339,100.0,100.0,0.0,200,-4,20,False,False,10,0,False,0,,False,0,0.0,0.0,0.0,
2024-05-09,175.01,175.62,171.37,171.97,65.95,TSLA,-1.57,105.45,-37.46,159.08,340,100.0,100.0,0.0,200,-4,20,False,False,10,0,False,0,,False,0,0.0,0.0,0.0,
2024-05-10,173.05,173.06,167.75,168.47,72.63,TSLA,-2.04,105.86,-31.39,155.85,341,100.0,100.0,0.0,200,-4,20,False,False,10,0,False,0,,False,0,0.0,0.0,0.0,
2024-05-13,170.0,175.4,169.0,171.89,67.02,TSLA,2.03,104.2,-35.68,159.01,342,100.0,100.0,0.0,200,-4,20,False,False,10,0,False,0,,False,0,0.0,0.0,0.0,
2024-05-14,174.5,179.49,174.07,177.55,86.41,TSLA,3.29,103.67,-16.65,164.25,343,100.0,100.0,0.0,200,-4,20,False,False,10,0,False,0,,False,0,0.0,0.0,0.0,
2024-05-15,179.9,180.0,173.11,173.99,79.66,TSLA,-2.01,103.53,-23.05,160.95,344,100.0,100.0,0.0,200,-4,20,False,False,10,0,False,0,,False,0,0.0,0.0,0.0,
2024-05-16,174.1,175.79,171.43,174.84,59.81,TSLA,0.49,101.72,-41.2,161.74,345,100.0,100.0,0.0,200,-4,20,False,False,10,0,False,0,,False,0,0.0,0.0,0.0,
2024-05-17,173.55,179.63,172.75,177.46,77.45,TSLA,1.5,101.29,-23.54,164.16,346,100.0,100.0,0.0,200,-4,20,False,False,10,0,False,0,,False,0,0.0,0.0,0.0,
2024-05-20,177.56,177.75,173.52,174.95,61.73,TSLA,-1.41,99.02,-37.66,161.84,347,100.0,100.0,0.0,200,-4,20,False,False,10,0,False,0,,False,0,0.0,0.0,0.0,
2024-05-21,175.51,186.88,174.71,186.6,115.27,TSLA,6.66,98.56,16.96,172.62,348,100.0,100.0,0.0,200,-4,20,False,False,10,0,False,0,,False,0,0.0,0.0,0.0,
2024-05-22,182.85,183.8,178.12,180.11,88.31,TSLA,-3.48,93.91,-5.96,166.61,349,100.0,100.0,0.0,200,-4,20,False,False,10,0,False,0,,False,0,0.0,0.0,0.0,
2024-05-23,181.8,181.9,173.26,173.74,71.98,TSLA,-3.54,91.19,-21.07,160.72,350,100.0,100.0,0.0,200,-4,20,False,False,10,0,False,0,,False,0,0.0,0.0,0.0,
2024-05-24,174.84,180.08,173.73,179.24,65.48,TSLA,3.17,88.97,-26.41,165.81,351,100.0,100.0,0.0,200,-4,20,False,False,10,0,False,0,,False,0,0.0,0.0,0.0,
2024-05-28,176.4,178.25,173.16,176.75,59.74,TSLA,-1.39,79.77,-25.11,163.51,352,100.0,100.0,0.0,200,-4,20,False,False,10,0,False,0,,False,0,0.0,0.0,0.0,
2024-05-29,174.19,178.15,173.93,176.19,54.78,TSLA,-0.32,76.15,-28.06,162.99,353,100.0,100.0,0.0,200,-4,20,False,False,10,0,False,0,,False,0,0.0,0.0,0.0,
2024-05-30,178.58,182.67,175.38,178.79,77.78,TSLA,1.48,75.4,3.16,165.39,354,100.0,100.0,0.0,200,-4,20,False,False,10,0,False,0,,False,0,0.0,0.0,0.0,
2024-05-31,178.5,180.32,173.82,178.08,67.31,TSLA,-0.4,74.31,-9.41,164.74,355,100.0,100.0,0.0,200,-4,20,False,False,10,0,False,0,,False,0,0.0,0.0,0.0,
2024-06-03,178.13,182.64,174.49,176.29,68.57,TSLA,-1.01,73.96,-7.29,163.08,356,100.0,100.0,0.0,200,-4,20,False,False,10,0,False,0,,False,0,0.0,0.0,0.0,
2024-06-04,174.78,177.76,174.0,174.77,60.06,TSLA,-0.86,72.75,-17.45,161.67,357,100.0,100.0,0.0,200,-4,20,False,False,10,0,False,0,,False,0,0.0,0.0,0.0,
2024-06-05,175.35,176.15,172.13,175.0,57.95,TSLA,0.13,71.89,-19.39,161.89,358,100.0,100.0,0.0,200,-4,20,False,False,10,0,False,0,,False,0,0.0,0.0,0.0,
2024-06-06,174.6,179.73,172.73,177.94,69.89,TSLA,1.68,71.39,-2.1,164.61,359,100.0,100.0,0.0,200,-4,20,False,False,10,0,False,0,,False,0,0.0,0.0,0.0,
2024-06-07,176.13,179.35,175.58,177.48,56.24,TSLA,-0.26,70.9,-20.67,164.18,360,100.0,100.0,0.0,200,-4,20,False,False,10,0,False,0,,False,0,0.0,0.0,0.0,
2024-06-10,176.06,178.57,173.17,173.79,50.87,TSLA,-2.08,69.82,-27.14,160.77,361,100.0,100.0,0.0,200,-4,20,False,False,10,0,False,0,,False,0,0.0,0.0,0.0,
2024-06-11,173.92,174.75,167.41,170.66,64.76,TSLA,-1.8,69.7,-7.09,157.87,362,100.0,100.0,0.0,200,-4,20,False,False,10,0,False,0,,False,0,0.0,0.0,0.0,
2024-06-12,171.12,180.55,169.8,177.29,90.39,TSLA,3.88,69.9,29.31,164.01,363,100.0,100.0,0.0,200,-4,20,False,False,10,0,False,0,,False,0,0.0,0.0,0.0,
2024-06-13,188.39,191.08,181.23,182.47,118.98,TSLA,2.92,71.87,65.56,168.8,364,100.0,100.0,0.0,200,-4,20,False,False,10,0,False,0,,False,0,0.0,0.0,0.0,
2024-06-14,185.8,186.0,176.92,178.01,82.04,TSLA,-2.44,72.98,12.41,164.67,365,100.0,100.0,0.0,200,-4,20,False,False,10,0,False,0,,False,0,0.0,0.0,0.0,
2024-06-17,177.92,188.81,177.0,187.44,109.79,TSLA,5.3,74.6,47.17,173.4,366,100.0,100.0,0.0,200,-4,20,False,False,10,0,False,0,,False,0,0.0,0.0,0.0,
2024-06-18,186.56,187.2,182.37,184.86,68.98,TSLA,-1.38,74.96,-7.97,171.01,367,100.0,100.0,0.0,200,-4,20,False,False,10,0,False,0,,False,0,0.0,0.0,0.0,
2024-06-20,184.68,185.21,179.66,181.57,55.89,TSLA,-1.78,71.99,-22.36,167.96,368,100.0,100.0,0.0,200,-4,20,False,False,10,0,False,0,,False,0,0.0,0.0,0.0,
2024-06-21,182.3,183.95,180.69,183.01,63.03,TSLA,0.79,70.73,-10.88,169.3,369,100.0,100.0,0.0,200,-4,20,False,False,10,0,False,0,,False,0,0.0,0.0,0.0,
2024-06-24,184.97,188.8,182.55,182.58,61.99,TSLA,-0.23,70.23,-11.73,168.9,370,100.0,100.0,0.0,200,-4,20,False,False,10,0,False,0,,False,0,0.0,0.0,0.0,
2024-06-25,184.4,187.97,182.01,187.35,63.68,TSLA,2.61,70.14,-9.21,173.31,371,100.0,100.0,0.0,200,-4,20,False,False,10,0,False,0,,False,0,0.0,0.0,0.0,
2024-06-26,186.54,197.76,186.36,196.37,95.74,TSLA,4.81,71.94,33.09,181.66,372,100.0,100.0,0.0,200,-4,20,False,False,10,0,False,0,,False,0,0.0,0.0,0.0,
2024-06-27,195.17,198.72,194.05,197.42,72.75,TSLA,0.53,72.83,-0.12,182.63,373,100.0,100.0,0.0,200,-4,20,False,False,10,0,False,0,,False,0,0.0,0.0,0.0,
2024-06-28,199.55,203.2,195.26,197.88,95.44,TSLA,0.23,73.72,29.46,183.05,374,100.0,100.0,0.0,200,-4,20,False,False,10,0,False,0,,False,0,0.0,0.0,0.0,
2024-07-01,201.02,213.23,200.85,209.86,135.69,TSLA,6.05,77.14,75.91,194.14,375,100.0,100.0,0.0,200,-4,20,False,False,10,0,False,0,,False,0,0.0,0.0,0.0,
2024-07-02,218.89,231.3,218.06,231.26,205.05,TSLA,10.2,83.96,144.22,213.93,376,100.0,100.0,0.0,200,-4,20,False,False,10,0,False,0,,False,0,0.0,0.0,0.0,
2024-07-03,234.56,248.35,234.25,246.39,166.56,TSLA,6.54,89.29,86.55,227.93,377,100.0,100.0,0.0,200,-4,20,False,False,10,0,False,0,,False,0,0.0,0.0,0.0,
2024-07-05,249.81,252.37,242.46,251.52,154.5,TSLA,2.08,94.11,64.17,232.67,378,100.0,100.0,0.0,200,-4,20,False,False,10,0,False,0,,False,0,0.0,0.0,0.0,
2024-07-08,247.71,259.44,244.57,252.94,157.22,TSLA,0.56,98.48,59.65,233.99,379,100.0,100.0,0.0,200,-4,20,False,False,10,0,False,0,,False,0,0.0,0.0,0.0,
2024-07-09,251.0,265.61,250.3,262.33,160.21,TSLA,3.71,103.68,54.53,242.67,380,100.0,100.0,0.0,200,-4,20,False,False,10,0,False,0,,False,0,0.0,0.0,0.0,
2024-07-10,262.8,267.59,257.86,263.26,128.52,TSLA,0.35,107.56,19.49,243.53,381,100.0,100.0,0.0,200,-4,20,False,False,10,0,False,0,,False,0,0.0,0.0,0.0,
2024-07-11,263.3,271.0,239.65,241.03,221.71,TSLA,-8.44,115.41,92.11,222.97,382,100.0,100.0,0.0,200,-4,20,False,False,10,0,False,0,,False,0,0.0,0.0,0.0,
2024-07-12,235.8,251.84,233.09,248.23,155.96,TSLA,2.99,118.69,31.4,229.63,383,100.0,100.0,0.0,200,-4,20,False,False,10,0,False,0,,False,0,0.0,0.0,0.0,
2024-07-15,255.97,265.6,251.73,252.64,146.91,TSLA,1.78,120.08,22.34,233.71,384,100.0,100.0,0.0,200,-4,20,False,False,10,0,False,0,,False,0,0.0,0.0,0.0,
2024-07-16,255.31,258.62,245.8,256.56,126.33,TSLA,1.55,122.3,3.3,237.34,385,100.0,100.0,0.0,200,-4,20,False,False,10,0,False,0,,False,0,0.0,0.0,0.0,
2024-07-17,252.73,258.47,246.18,248.5,115.58,TSLA,-3.14,122.59,-5.71,229.88,386,100.0,100.0,0.0,200,-4,20,False,False,10,0,False,0,,False,0,0.0,0.0,0.0,
2024-07-18,251.09,257.14,247.2,249.23,110.87,TSLA,0.29,124.68,-11.08,230.56,387,100.0,100.0,0.0,200,-4,20,False,False,10,0,False,0,,False,0,0.0,0.0,0.0,
2024-07-19,247.79,249.44,236.83,239.2,87.4,TSLA,-4.02,126.26,-30.77,221.28,388,100.0,100.0,0.0,200,-4,20,False,False,10,0,False,0,,False,0,0.0,0.0,0.0,
2024-07-22,244.21,253.21,243.75,251.51,101.23,TSLA,5.15,128.17,-21.02,232.66,389,100.0,100.0,0.0,200,-4,20,False,False,10,0,False,0,,False,0,0.0,0.0,0.0,
2024-07-23,253.6,255.76,245.63,246.38,111.93,TSLA,-2.04,130.66,-14.34,227.92,390,100.0,100.0,0.0,200,-4,20,False,False,10,0,False,0,,False,0,0.0,0.0,0.0,
2024-07-24,225.42,225.99,214.71,215.99,167.94,TSLA,-12.33,135.88,23.6,199.81,391,100.0,100.0,0.0,200,-4,20,False,False,10,0,False,0,,False,0,0.0,0.0,0.0,
2024-07-25,216.8,226.0,216.23,220.25,100.64,TSLA,1.97,136.12,-26.07,203.75,392,100.0,100.0,0.0,200,-4,20,False,False,10,0,False,0,,False,0,0.0,0.0,0.0,
2024-07-26,221.19,222.28,215.33,219.8,94.6,TSLA,-0.2,137.21,-31.05,203.33,393,100.0,100.0,0.0,200,-4,20,False,False,10,0,False,0,,False,0,0.0,0.0,0.0,
2024-07-29,224.9,234.27,224.7,232.1,129.2,TSLA,5.6,138.9,-6.98,214.71,394,100.0,100.0,0.0,200,-4,20,False,False,10,0,False,0,,False,0,0.0,0.0,0.0,
2024-07-30,232.25,232.41,220.0,222.62,100.56,TSLA,-4.08,137.15,-26.68,205.94,395,100.0,100.0,0.0,200,-4,20,False,False,10,0,False,0,,False,0,0.0,0.0,0.0,
2024-07-31,227.9,234.68,226.79,232.07,67.5,TSLA,4.24,130.27,-48.19,214.68,396,100.0,100.0,0.0,200,-4,20,False,False,10,0,False,0,,False,0,0.0,0.0,0.0,
2024-08-01,227.69,231.87,214.33,216.86,83.86,TSLA,-6.55,126.13,-33.51,200.61,397,100.0,100.0,0.0,200,-4,20,False,False,10,0,False,0,,False,0,0.0,0.0,0.0,
2024-08-02,214.88,216.13,205.78,207.67,82.88,TSLA,-4.24,122.55,-32.37,192.11,398,100.0,100.0,0.0,200,-4,20,False,False,10,0,False,0,,False,0,0.0,0.0,0.0,
2024-08-05,185.22,203.88,182.0,198.88,100.31,TSLA,-4.23,119.71,-16.2,183.98,399,100.0,100.0,0.0,200,-4,20,False,False,10,0,False,0,,False,0,0.0,0.0,0.0,
2024-08-06,200.75,202.9,192.67,200.64,73.78,TSLA,0.88,115.39,-36.05,185.61,400,100.0,100.0,0.0,200,-4,20,False,False,10,0,False,0,,False,0,0.0,0.0,0.0,
2024-08-07,200.77,203.49,191.48,191.76,71.16,TSLA,-4.43,112.52,-36.76,177.39,401,100.0,100.0,0.0,200,-4,20,False,False,10,0,False,0,,False,0,0.0,0.0,0.0,
2024-08-08,195.7,200.7,192.04,198.84,65.03,TSLA,3.69,104.68,-37.88,183.94,402,100.0,100.0,0.0,200,-4,20,False,False,10,0,False,0,,False,0,0.0,0.0,0.0,
2024-08-09,197.05,200.88,195.11,200.0,58.65,TSLA,0.58,99.82,-41.25,185.01,403,100.0,100.0,0.0,200,-4,20,False,False,10,0,False,0,,False,0,0.0,0.0,0.0,
2024-08-12,199.02,199.26,194.67,197.49,64.04,TSLA,-1.25,95.68,-33.06,182.69,404,100.0,100.0,0.0,200,-4,20,False,False,10,0,False,0,,False,0,0.0,0.0,0.0,
2024-08-13,198.47,208.49,197.06,207.83,76.25,TSLA,5.24,93.17,-18.16,192.26,405,100.0,100.0,0.0,200,-4,20,False,False,10,0,False,0,,False,0,0.0,0.0,0.0,
2024-08-14,207.39,208.44,198.75,201.38,70.25,TSLA,-3.1,90.9,-22.72,186.29,406,100.0,100.0,0.0,200,-4,20,False,False,10,0,False,0,,False,0,0.0,0.0,0.0,
2024-08-15,205.02,215.88,204.82,214.14,89.85,TSLA,6.34,89.85,-0.01,198.09,407,100.0,100.0,0.0,200,-4,20,False,False,10,0,False,0,,False,0,0.0,0.0,0.0,
2024-08-16,211.15,219.8,210.8,216.12,88.77,TSLA,0.92,89.92,-1.29,199.93,408,100.0,100.0,0.0,200,-4,20,False,False,10,0,False,0,,False,0,0.0,0.0,0.0,
2024-08-19,217.07,222.98,214.09,222.72,76.44,TSLA,3.05,88.68,-13.81,206.03,409,100.0,100.0,0.0,200,-4,20,False,False,10,0,False,0,,False,0,0.0,0.0,0.0,
2024-08-20,224.88,228.22,219.56,221.1,74.0,TSLA,-0.73,86.79,-14.73,204.53,410,100.0,100.0,0.0,200,-4,20,False,False,10,0,False,0,,False,0,0.0,0.0,0.0,
2024-08-21,222.67,224.66,218.86,223.27,70.15,TSLA,0.98,81.9,-14.35,206.54,411,100.0,100.0,0.0,200,-4,20,False,False,10,0,False,0,,False,0,0.0,0.0,0.0,
2024-08-22,223.82,224.8,210.32,210.66,79.51,TSLA,-5.65,80.84,-1.64,194.88,412,100.0,100.0,0.0,200,-4,20,False,False,10,0,False,0,,False,0,0.0,0.0,0.0,
2024-08-23,214.46,221.48,214.21,220.32,81.53,TSLA,4.59,80.19,1.67,203.81,413,100.0,100.0,0.0,200,-4,20,False,False,10,0,False,0,,False,0,0.0,0.0,0.0,
2024-08-26,218.75,219.09,211.01,213.21,59.3,TSLA,-3.23,76.69,-22.67,197.23,414,100.0,100.0,0.0,200,-4,20,False,False,10,0,False,0,,False,0,0.0,0.0,0.0,
2024-08-27,213.25,215.66,206.94,209.21,62.82,TSLA,-1.88,74.8,-16.02,193.53,415,100.0,100.0,0.0,200,-4,20,False,False,10,0,False,0,,False,0,0.0,0.0,0.0,
2024-08-28,209.72,211.84,202.59,205.75,64.12,TSLA,-1.65,74.63,-14.09,190.33,416,100.0,100.0,0.0,200,-4,20,False,False,10,0,False,0,,False,0,0.0,0.0,0.0,
2024-08-29,209.8,214.89,205.97,206.28,62.31,TSLA,0.26,73.56,-15.29,190.82,417,100.0,100.0,0.0,200,-4,20,False,False,10,0,False,0,,False,0,0.0,0.0,0.0,
2024-08-30,208.63,214.57,207.03,214.11,63.37,TSLA,3.8,72.58,-12.69,198.07,418,100.0,100.0,0.0,200,-4,20,False,False,10,0,False,0,,False,0,0.0,0.0,0.0,
2024-09-03,215.26,219.9,209.64,210.6,76.71,TSLA,-1.64,71.4,7.44,194.82,419,100.0,100.0,0.0,200,-4,20,False,False,10,0,False,0,,False,0,0.0,0.0,0.0,
2024-09-04,210.59,222.22,210.57,219.41,80.65,TSLA,4.18,71.75,12.41,202.97,420,100.0,100.0,0.0,200,-4,20,False,False,10,0,False,0,,False,0,0.0,0.0,0.0,
2024-09-05,223.49,235.0,222.25,230.17,119.36,TSLA,4.9,74.15,60.95,212.92,421,100.0,100.0,0.0,200,-4,20,False,False,10,0,False,0,,False,0,0.0,0.0,0.0,
2024-09-06,232.6,233.6,210.51,210.73,112.18,TSLA,-8.45,76.51,46.61,194.94,422,100.0,100.0,0.0,200,-4,20,False,False,10,0,False,0,,False,0,0.0,0.0,0.0,
2024-09-09,216.2,219.87,213.67,216.27,67.44,TSLA,2.63,76.95,-12.36,200.06,423,100.0,100.0,0.0,200,-4,20,False,False,10,0,False,0,,False,0,0.0,0.0,0.0,
2024-09-10,220.07,226.4,218.64,226.17,78.89,TSLA,4.58,77.69,1.54,209.22,424,100.0,100.0,0.0,200,-4,20,False,False,10,0,False,0,,False,0,0.0,0.0,0.0,
2024-09-11,224.55,228.47,216.8,228.13,83.55,TSLA,0.87,78.06,7.03,211.04,425,100.0,100.0,0.0,200,-4,20,False,False,10,0,False,0,,False,0,0.0,0.0,0.0,
2024-09-12,224.66,231.45,223.83,229.81,72.02,TSLA,0.74,78.15,-7.84,212.59,426,100.0,100.0,0.0,200,-4,20,False,False,10,0,False,0,,False,0,0.0,0.0,0.0,
2024-09-13,228.0,232.67,226.32,230.29,59.52,TSLA,0.21,76.63,-22.34,213.03,427,100.0,100.0,0.0,200,-4,20,False,False,10,0,False,0,,False,0,0.0,0.0,0.0,
2024-09-16,229.3,229.96,223.53,226.78,54.32,TSLA,-1.52,74.91,-27.48,209.79,428,100.0,100.0,0.0,200,-4,20,False,False,10,0,False,0,,False,0,0.0,0.0,0.0,
2024-09-17,229.45,234.57,226.55,227.87,66.76,TSLA,0.48,74.43,-10.3,210.8,429,100.0,100.0,0.0,200,-4,20,False,False,10,0,False,0,,False,0,0.0,0.0,0.0,
2024-09-18,230.09,235.68,226.88,227.2,78.01,TSLA,-0.29,74.63,4.54,210.18,430,100.0,100.0,0.0,200,-4,20,False,False,10,0,False,0,,False,0,0.0,0.0,0.0,
2024-09-19,234.0,244.24,232.13,243.92,102.69,TSLA,7.36,76.25,34.68,225.64,431,100.0,100.0,0.0,200,-4,20,False,False,10,0,False,0,,False,0,0.0,0.0,0.0,
2024-09-20,241.52,243.99,235.92,238.25,99.88,TSLA,-2.32,77.27,29.26,220.4,432,100.0,100.0,0.0,200,-4,20,False,False,10,0,False,0,,False,0,0.0,0.0,0.0,
2024-09-23,242.61,250.0,241.92,250.0,86.93,TSLA,4.93,77.54,12.1,231.27,433,100.0,100.0,0.0,200,-4,20,False,False,10,0,False,0,,False,0,0.0,0.0,0.0,
2024-09-24,254.08,257.19,249.05,254.27,88.49,TSLA,1.71,79.0,12.01,235.22,434,100.0,100.0,0.0,200,-4,20,False,False,10,0,False,0,,False,0,0.0,0.0,0.0,
2024-09-25,252.54,257.05,252.28,257.02,65.03,TSLA,1.08,79.11,-17.79,237.76,435,100.0,100.0,0.0,200,-4,20,False,False,10,0,False,0,,False,0,0.0,0.0,0.0,
2024-09-26,260.6,261.75,251.53,254.22,67.14,TSLA,-1.09,79.26,-15.29,235.17,436,100.0,100.0,0.0,200,-4,20,False,False,10,0,False,0,,False,0,0.0,0.0,0.0,
2024-09-27,257.38,260.7,254.12,260.46,70.99,TSLA,2.45,79.7,-10.93,240.94,437,100.0,100.0,0.0,200,-4,20,False,False,10,0,False,0,,False,0,0.0,0.0,0.0,
2024-09-30,259.04,264.86,255.77,261.63,80.71,TSLA,0.45,80.56,0.18,242.03,438,100.0,100.0,0.0,200,-4,20,False,False,10,0,False,0,,False,0,0.0,0.0,0.0,
2024-10-01,262.67,263.98,248.53,258.02,87.4,TSLA,-1.38,81.1,7.77,238.69,439,100.0,100.0,0.0,200,-4,20,False,False,10,0,False,0,,False,0,0.0,0.0,0.0,
2024-10-02,247.55,251.16,241.5,249.02,93.98,TSLA,-3.49,81.76,14.94,230.36,440,100.0,100.0,0.0,200,-4,20,False,False,10,0,False,0,,False,0,0.0,0.0,0.0,
2024-10-03,244.48,249.79,237.81,240.66,80.73,TSLA,-3.36,79.83,1.12,222.63,441,100.0,100.0,0.0,200,-4,20,False,False,10,0,False,0,,False,0,0.0,0.0,0.0,
2024-10-04,246.69,250.96,244.58,250.08,86.57,TSLA,3.91,78.55,10.21,231.34,442,100.0,100.0,0.0,200,-4,20,False,False,10,0,False,0,,False,0,0.0,0.0,0.0,
2024-10-07,249.0,249.83,240.7,240.83,68.11,TSLA,-3.7,78.59,-13.33,222.78,443,100.0,100.0,0.0,200,-4,20,False,False,10,0,False,0,,False,0,0.0,0.0,0.0,
2024-10-08,243.56,246.21,240.56,244.5,56.3,TSLA,1.52,77.46,-27.31,226.18,444,100.0,100.0,0.0,200,-4,20,False,False,10,0,False,0,,False,0,0.0,0.0,0.0,
2024-10-09,243.82,247.43,239.51,241.05,66.29,TSLA,-1.41,76.59,-13.45,222.99,445,100.0,100.0,0.0,200,-4,20,False,False,10,0,False,0,,False,0,0.0,0.0,0.0,
2024-10-10,241.81,242.79,232.34,238.77,83.09,TSLA,-0.95,77.15,7.7,220.88,446,100.0,100.0,0.0,200,-4,20,False,False,10,0,False,0,,False,0,0.0,0.0,0.0,
2024-10-11,220.13,223.34,214.38,217.8,142.63,TSLA,-8.78,81.3,75.43,201.48,447,100.0,100.0,0.0,200,-4,20,False,False,10,0,False,0,,False,0,0.0,0.0,0.0,
2024-10-14,220.13,221.91,213.74,219.16,86.29,TSLA,0.62,82.9,4.09,202.74,448,100.0,100.0,0.0,200,-4,20,False,False,10,0,False,0,,False,0,0.0,0.0,0.0,
2024-10-15,220.01,224.26,217.12,219.57,62.99,TSLA,0.19,82.71,-23.85,203.12,449,100.0,100.0,0.0,200,-4,20,False,False,10,0,False,0,,False,0,0.0,0.0,0.0,
2024-10-16,221.4,222.82,218.93,221.33,49.63,TSLA,0.8,81.29,-38.95,204.75,450,100.0,100.0,0.0,200,-4,20,False,False,10,0,False,0,,False,0,0.0,0.0,0.0,
2024-10-17,221.59,222.08,217.9,220.89,50.79,TSLA,-0.2,78.7,-35.46,204.34,451,100.0,100.0,0.0,200,-4,20,False,False,10,0,False,0,,False,0,0.0,0.0,0.0,
2024-10-18,220.71,222.28,219.23,220.7,49.61,TSLA,-0.09,76.19,-34.88,204.16,452,100.0,100.0,0.0,200,-4,20,False,False,10,0,False,0,,False,0,0.0,0.0,0.0,
2024-10-21,218.9,220.48,215.73,218.85,47.33,TSLA,-0.84,74.21,-36.22,202.45,453,100.0,100.0,0.0,200,-4,20,False,False,10,0,False,0,,False,0,0.0,0.0,0.0,
2024-10-22,217.31,218.22,215.26,217.97,43.27,TSLA,-0.4,71.94,-39.86,201.64,454,100.0,100.0,0.0,200,-4,20,False,False,10,0,False,0,,False,0,0.0,0.0,0.0,
2024-10-23,217.13,218.72,212.11,213.65,80.94,TSLA,-1.98,72.74,11.27,197.64,455,100.0,100.0,0.0,200,-4,20,False,False,10,0,False,0,,False,0,0.0,0.0,0.0,
2024-10-24,244.68,262.12,242.65,260.48,204.49,TSLA,21.92,79.61,156.88,240.96,456,100.0,100.0,0.0,200,-4,20,False,False,10,0,False,0,,False,0,0.0,0.0,0.0,
2024-10-25,256.01,269.49,255.32,269.19,161.61,TSLA,3.34,84.14,92.08,249.02,457,100.0,100.0,0.0,200,-4,20,False,False,10,0,False,0,,False,0,0.0,0.0,0.0,
2024-10-28,270.0,273.54,262.24,262.51,107.65,TSLA,-2.48,85.49,25.93,242.84,458,100.0,100.0,0.0,200,-4,20,False,False,10,0,False,0,,False,0,0.0,0.0,0.0,
2024-10-29,264.51,264.98,255.51,259.52,80.52,TSLA,-1.14,85.14,-5.43,240.07,459,100.0,100.0,0.0,200,-4,20,False,False,10,0,False,0,,False,0,0.0,0.0,0.0,
2024-10-30,258.04,263.35,255.82,257.55,53.99,TSLA,-0.76,83.14,-35.06,238.25,460,100.0,100.0,0.0,200,-4,20,False,False,10,0,False,0,,False,0,0.0,0.0,0.0,
2024-10-31,257.99,259.75,249.25,249.85,66.58,TSLA,-2.99,82.43,-19.24,231.13,461,100.0,100.0,0.0,200,-4,20,False,False,10,0,False,0,,False,0,0.0,0.0,0.0,
2024-11-01,252.04,254.0,246.63,248.98,57.54,TSLA,-0.35,80.98,-28.94,230.32,462,100.0,100.0,0.0,200,-4,20,False,False,10,0,False,0,,False,0,0.0,0.0,0.0,
2024-11-04,244.56,248.9,238.88,242.84,68.8,TSLA,-2.47,81.02,-15.08,224.64,463,100.0,100.0,0.0,200,-4,20,False,False,10,0,False,0,,False,0,0.0,0.0,0.0,
2024-11-05,247.34,255.28,246.21,251.44,69.28,TSLA,3.54,81.67,-15.16,232.6,464,100.0,100.0,0.0,200,-4,20,False,False,10,0,False,0,,False,0,0.0,0.0,0.0,
2024-11-06,284.67,289.59,275.62,288.53,165.23,TSLA,14.75,86.61,90.76,266.91,465,100.0,100.0,0.0,200,-4,20,False,False,10,0,False,0,,False,0,0.0,0.0,0.0,
2024-11-07,288.89,299.75,285.52,296.91,117.31,TSLA,2.9,88.32,32.82,274.66,466,100.0,100.0,0.0,200,-4,20,False,False,10,0,False,0,,False,0,0.0,0.0,0.0,
2024-11-08,299.14,328.71,297.66,321.22,204.78,TSLA,8.19,91.43,123.97,297.15,467,100.0,100.0,0.0,200,-4,20,False,False,10,0,False,0,,False,0,0.0,0.0,0.0,
2024-11-11,346.3,358.64,336.0,350.0,210.52,TSLA,8.96,97.64,115.6,323.77,468,100.0,100.0,0.0,200,-4,20,False,False,10,0,False,0,,False,0,0.0,0.0,0.0,
2024-11-12,342.74,345.84,323.31,328.49,155.73,TSLA,-6.15,102.28,52.25,303.88,469,100.0,100.0,0.0,200,-4,20,False,False,10,0,False,0,,False,0,0.0,0.0,0.0,
2024-11-13,335.85,344.6,322.5,330.24,125.41,TSLA,0.53,106.07,18.23,305.49,470,100.0,100.0,0.0,200,-4,20,False,False,10,0,False,0,,False,0,0.0,0.0,0.0,
2024-11-14,327.69,329.98,310.37,311.18,120.73,TSLA,-5.77,109.57,10.19,287.86,471,100.0,100.0,0.0,200,-4,20,False,False,10,0,False,0,,False,0,0.0,0.0,0.0,
2024-11-15,310.57,324.68,309.22,320.72,114.44,TSLA,3.07,112.81,1.45,296.69,472,100.0,100.0,0.0,200,-4,20,False,False,10,0,False,0,,False,0,0.0,0.0,0.0,
2024-11-18,340.73,348.55,330.01,338.74,126.55,TSLA,5.62,116.77,8.37,313.36,473,100.0,100.0,0.0,200,-4,20,False,False,10,0,False,0,,False,0,0.0,0.0,0.0,
2024-11-19,335.76,347.38,332.75,346.0,88.85,TSLA,2.14,119.05,-25.36,320.07,474,100.0,100.0,0.0,200,-4,20,False,False,10,0,False,0,,False,0,0.0,0.0,0.0,
2024-11-20,345.0,346.6,334.3,342.03,66.34,TSLA,-1.15,118.32,-43.93,316.4,475,100.0,100.0,0.0,200,-4,20,False,False,10,0,False,0,,False,0,0.0,0.0,0.0,
2024-11-21,343.81,347.99,335.28,339.64,58.01,TSLA,-0.7,110.99,-47.73,314.19,476,100.0,100.0,0.0,200,-4,20,False,False,10,0,False,0,,False,0,0.0,0.0,0.0,
2024-11-22,341.09,361.53,337.7,352.56,89.14,TSLA,3.8,107.37,-16.98,326.14,477,100.0,100.0,0.0,200,-4,20,False,False,10,0,False,0,,False,0,0.0,0.0,0.0,
2024-11-25,360.14,361.93,338.2,338.59,95.89,TSLA,-3.96,106.78,-10.2,313.22,478,100.0,100.0,0.0,200,-4,20,False,False,10,0,False,0,,False,0,0.0,0.0,0.0,
2024-11-26,341.0,346.96,335.66,338.23,62.3,TSLA,-0.11,105.87,-41.16,312.89,479,100.0,100.0,0.0,200,-4,20,False,False,10,0,False,0,,False,0,0.0,0.0,0.0,
2024-11-27,341.8,342.55,326.59,332.89,57.9,TSLA,-1.58,106.07,-45.41,307.95,480,100.0,100.0,0.0,200,-4,20,False,False,10,0,False,0,,False,0,0.0,0.0,0.0,
2024-11-29,336.08,345.45,334.65,345.16,37.17,TSLA,3.69,104.6,-64.47,319.3,481,100.0,100.0,0.0,200,-4,20,False,False,10,0,False,0,,False,0,0.0,0.0,0.0,
2024-12-02,352.38,360.0,351.15,357.09,77.99,TSLA,3.46,105.62,-26.16,330.33,482,100.0,100.0,0.0,200,-4,20,False,False,10,0,False,0,,False,0,0.0,0.0,0.0,
2024-12-03,351.8,355.69,348.2,351.42,58.27,TSLA,-1.59,105.09,-44.56,325.09,483,100.0,100.0,0.0,200,-4,20,False,False,10,0,False,0,,False,0,0.0,0.0,0.0,
2024-12-04,353.0,358.1,348.6,357.93,50.81,TSLA,1.85,104.17,-51.22,331.11,484,100.0,100.0,0.0,200,-4,20,False,False,10,0,False,0,,False,0,0.0,0.0,0.0,
2024-12-05,359.87,375.43,359.5,369.49,81.4,TSLA,3.23,99.98,-18.58,341.8,485,100.0,100.0,0.0,200,-4,20,False,False,10,0,False,0,,False,0,0.0,0.0,0.0,
2024-12-06,377.42,389.49,370.8,389.22,81.46,TSLA,5.34,98.18,-17.04,360.06,486,100.0,100.0,0.0,200,-4,20,False,False,10,0,False,0,,False,0,0.0,0.0,0.0,
2024-12-09,397.61,404.8,378.01,389.79,96.36,TSLA,0.15,92.76,3.88,360.58,487,100.0,100.0,0.0,200,-4,20,False,False,10,0,False,0,,False,0,0.0,0.0,0.0,
2024-12-10,392.68,409.73,390.85,400.99,97.56,TSLA,2.87,87.11,11.99,370.94,488,100.0,100.0,0.0,200,-4,20,False,False,10,0,False,0,,False,0,0.0,0.0,0.0,
2024-12-11,409.7,424.88,402.38,424.77,104.29,TSLA,5.93,84.54,23.36,392.94,489,100.0,100.0,0.0,200,-4,20,False,False,10,0,False,0,,False,0,0.0,0.0,0.0,
2024-12-12,424.84,429.3,415.0,418.1,87.75,TSLA,-1.57,82.66,6.16,386.77,490,100.0,100.0,0.0,200,-4,20,False,False,10,0,False,0,,False,0,0.0,0.0,0.0,
2024-12-13,420.0,436.3,415.71,436.23,89.0,TSLA,4.34,81.07,9.78,403.54,491,100.0,100.0,0.0,200,-4,20,False,False,10,0,False,0,,False,0,0.0,0.0,0.0,
2024-12-16,441.09,463.19,436.15,463.02,114.08,TSLA,6.14,81.06,40.75,428.33,492,100.0,100.0,0.0,200,-4,20,False,False,10,0,False,0,,False,0,0.0,0.0,0.0,
2024-12-17,475.9,483.99,457.51,479.86,131.22,TSLA,3.64,81.29,61.43,443.9,493,100.0,100.0,0.0,200,-4,20,False,False,10,0,False,0,,False,0,0.0,0.0,0.0,
2024-12-18,466.5,488.54,427.01,440.13,149.34,TSLA,-8.28,84.31,77.12,407.15,494,100.0,100.0,0.0,200,-4,20,False,False,10,0,False,0,,False,0,0.0,0.0,0.0,
2024-12-19,451.88,456.36,420.02,436.17,118.57,TSLA,-0.9,86.93,36.4,403.49,495,100.0,100.0,0.0,200,-4,20,False,False,10,0,False,0,,False,0,0.0,0.0,0.0,
2024-12-20,425.51,447.08,417.64,421.06,132.22,TSLA,-3.46,90.64,45.88,389.51,496,100.0,100.0,0.0,200,-4,20,False,False,10,0,False,0,,False,0,0.0,0.0,0.0,
2024-12-23,431.0,434.51,415.41,430.6,72.7,TSLA,2.27,89.81,-19.06,398.33,497,100.0,100.0,0.0,200,-4,20,False,False,10,0,False,0,,False,0,0.0,0.0,0.0,
2024-12-24,435.9,462.78,435.14,462.28,59.55,TSLA,7.36,88.0,-32.32,427.64,498,100.0,100.0,0.0,200,-4,20,False,False,10,0,False,0,,False,0,0.0,0.0,0.0,
2024-12-26,465.16,465.33,451.02,454.13,76.37,TSLA,-1.76,88.7,-13.9,420.1,499,100.0,100.0,0.0,200,-4,20,False,False,10,0,False,0,,False,0,0.0,0.0,0.0,
2024-12-27,449.52,450.0,426.5,431.66,82.67,TSLA,-4.95,89.94,-8.09,399.32,500,100.0,100.0,0.0,200,-4,20,False,False,10,0,False,0,,False,0,0.0,0.0,0.0,
2024-12-30,419.4,427.0,415.75,417.41,64.94,TSLA,-3.3,91.33,-28.89,386.13,501,100.0,100.0,0.0,200,-4,20,False,False,10,0,False,0,,False,0,0.0,0.0,0.0,
