Date,Open,High,Low,Close,Volume,ticker,change%,avg_20_days_volume,volume%,buyhold_account_value,row_key,account_value,account_cum_max,drawdown,volume_threshold%,pct_threshold%,holding_days,buy_condition,buy_signal,buy_waiting_days,waiting_days_count,actual_buy,holding_days_count,block_identifier,sell_signal,pct_change,max_drawdown,strategy_max_drawdown(%),strategy_cagr%,strategy_calmar
2024-01-02,250.08,251.25,244.41,248.42,104.65,TSLA,,,,,1,100.0,100.0,0.0,500,4,20,False,False,0,0,False,0,,False,0,0.0,0.0,0.0,
2024-01-03,244.98,245.68,236.32,238.45,121.08,TSLA,-4.01,,,95.99,2,100.0,100.0,0.0,500,4,20,False,False,0,0,False,0,,False,0,0.0,0.0,0.0,
2024-01-04,239.25,242.7,237.73,237.93,102.63,TSLA,-0.22,,,95.78,3,100.0,100.0,0.0,500,4,20,False,False,0,0,False,0,,False,0,0.0,0.0,0.0,
2024-01-05,236.86,240.12,234.9,237.49,92.38,TSLA,-0.18,,,95.6,4,100.0,100.0,0.0,500,4,20,False,False,0,0,False,0,,False,0,0.0,0.0,0.0,
2024-01-08,236.14,241.25,235.3,240.45,85.17,TSLA,1.25,,,96.79,5,100.0,100.0,0.0,500,4,20,False,False,0,0,False,0,,False,0,0.0,0.0,0.0,
2024-01-09,238.11,238.96,232.04,234.96,96.71,TSLA,-2.28,,,94.58,6,100.0,100.0,0.0,500,4,20,False,False,0,0,False,0,,False,0,0.0,0.0,0.0,
2024-01-10,235.1,235.5,231.29,233.94,91.63,TSLA,-0.43,,,94.17,7,100.0,100.0,0.0,500,4,20,False,False,0,0,False,0,,False,0,0.0,0.0,0.0,
2024-01-11,230.57,230.93,225.37,227.22,105.87,TSLA,-2.87,,,91.47,8,100.0,100.0,0.0,500,4,20,False,False,0,0,False,0,,False,0,0.0,0.0,0.0,
2024-01-12,220.08,225.34,217.15,218.89,122.89,TSLA,-3.67,,,88.11,9,100.0,100.0,0.0,500,4,20,False,False,0,0,False,0,,False,0,0.0,0.0,0.0,
2024-01-16,215.1,223.49,212.18,219.91,115.36,TSLA,0.47,,,88.52,10,100.0,100.0,0.0,500,4,20,False,False,0,0,False,0,,False,0,0.0,0.0,0.0,
2024-01-17,214.86,215.67,212.01,215.55,103.16,TSLA,-1.98,,,86.77,11,100.0,100.0,0.0,500,4,20,False,False,0,0,False,0,,False,0,0.0,0.0,0.0,
2024-01-18,216.88,217.45,208.74,211.88,108.6,TSLA,-1.7,,,85.29,12,100.0,100.0,0.0,500,4,20,False,False,0,0,False,0,,False,0,0.0,0.0,0.0,
2024-01-19,209.99,213.19,207.56,212.19,102.1,TSLA,0.15,,,85.42,13,100.0,100.0,0.0,500,4,20,False,False,0,0,False,0,,False,0,0.0,0.0,0.0,
2024-01-22,212.26,217.8,206.27,208.8,117.95,TSLA,-1.6,,,84.05,14,100.0,100.0,0.0,500,4,20,False,False,0,0,False,0,,False,0,0.0,0.0,0.0,
2024-01-23,211.3,215.65,207.75,209.14,106.61,TSLA,0.16,,,84.19,15,100.0,100.0,0.0,500,4,20,False,False,0,0,False,0,,False,0,0.0,0.0,0.0,
2024-01-24,211.88,212.73,206.77,207.83,123.37,TSLA,-0.63,,,83.66,16,100.0,100.0,0.0,500,4,20,False,False,0,0,False,0,,False,0,0.0,0.0,0.0,
2024-01-25,189.7,193.0,180.06,182.63,198.08,TSLA,-12.13,,,73.52,17,100.0,100.0,0.0,500,4,20,False,False,0,0,False,0,,False,0,0.0,0.0,0.0,
2024-01-26,185.5,186.78,182.1,183.25,107.34,TSLA,0.34,,,73.77,18,100.0,100.0,0.0,500,4,20,False,False,0,0,False,0,,False,0,0.0,0.0,0.0,
2024-01-29,185.63,191.48,183.67,190.93,125.01,TSLA,4.19,,,76.86,19,100.0,100.0,0.0,500,4,20,False,False,0,0,False,0,,False,0,0.0,0.0,0.0,
2024-01-30,195.33,196.36,190.61,191.59,109.98,TSLA,0.35,112.03,-1.83,77.12,20,100.0,100.0,0.0,500,4,20,False,False,0,0,False,0,,False,0,0.0,0.0,0.0,
2024-01-31,187.0,193.97,185.85,187.29,103.22,TSLA,-2.24,111.96,-7.8,75.39,21,100.0,100.0,0.0,500,4,20,False,False,0,0,False,0,,False,0,0.0,0.0,0.0,
2024-02-01,188.5,189.88,184.28,188.86,91.84,TSLA,0.84,110.49,-16.88,76.02,22,100.0,100.0,0.0,500,4,20,False,False,0,0,False,0,,False,0,0.0,0.0,0.0,
2024-02-02,185.04,188.69,182.0,187.91,110.51,TSLA,-0.5,110.89,-0.35,75.64,23,100.0,100.0,0.0,500,4,20,False,False,0,0,False,0,,False,0,0.0,0.0,0.0,
2024-02-05,184.26,184.68,175.01,181.06,134.29,TSLA,-3.65,112.98,18.86,72.88,24,100.0,100.0,0.0,500,4,20,False,False,0,0,False,0,,False,0,0.0,0.0,0.0,
2024-02-06,177.21,186.49,177.11,185.1,122.68,TSLA,2.23,114.86,6.81,74.51,25,100.0,100.0,0.0,500,4,20,False,False,0,0,False,0,,False,0,0.0,0.0,0.0,
2024-02-07,188.18,189.79,182.68,187.58,111.54,TSLA,1.34,115.6,-3.52,75.51,26,100.0,100.0,0.0,500,4,20,False,False,0,0,False,0,,False,0,0.0,0.0,0.0,
2024-02-08,189.0,191.62,185.58,189.56,83.03,TSLA,1.06,115.17,-27.9,76.31,27,100.0,100.0,0.0,500,4,20,False,False,0,0,False,0,,False,0,0.0,0.0,0.0,
2024-02-09,190.18,194.12,189.48,193.57,84.48,TSLA,2.12,114.1,-25.96,77.92,28,100.0,100.0,0.0,500,4,20,False,False,0,0,False,0,,False,0,0.0,0.0,0.0,
2024-02-12,192.11,194.73,187.28,188.13,95.5,TSLA,-2.81,112.73,-15.29,75.73,29,100.0,100.0,0.0,500,4,20,False,False,0,0,False,0,,False,0,0.0,0.0,0.0,
2024-02-13,183.99,187.26,182.11,184.02,86.76,TSLA,-2.18,111.3,-22.05,74.08,30,100.0,100.0,0.0,500,4,20,False,False,0,0,False,0,,False,0,0.0,0.0,0.0,
2024-02-14,185.3,188.89,183.35,188.71,81.2,TSLA,2.55,110.2,-26.32,75.96,31,100.0,100.0,0.0,500,4,20,False,False,0,0,False,0,,False,0,0.0,0.0,0.0,
2024-02-15,189.16,200.88,188.86,200.45,120.83,TSLA,6.22,110.82,9.04,80.69,32,100.0,100.0,0.0,500,4,20,False,False,0,0,False,0,,False,0,0.0,0.0,0.0,
2024-02-16,202.06,203.17,197.4,199.95,111.17,TSLA,-0.25,111.27,-0.09,80.49,33,100.0,100.0,0.0,500,4,20,False,False,0,0,False,0,,False,0,0.0,0.0,0.0,
2024-02-20,196.13,198.6,189.13,193.76,104.55,TSLA,-3.1,110.6,-5.47,78.0,34,100.0,100.0,0.0,500,4,20,False,False,0,0,False,0,,False,0,0.0,0.0,0.0,
2024-02-21,193.36,199.44,191.95,194.77,103.84,TSLA,0.52,110.46,-5.99,78.4,35,100.0,100.0,0.0,500,4,20,False,False,0,0,False,0,,False,0,0.0,0.0,0.0,
2024-02-22,194.0,198.32,191.36,197.41,92.74,TSLA,1.36,108.93,-14.86,79.47,36,100.0,100.0,0.0,500,4,20,False,False,0,0,False,0,,False,0,0.0,0.0,0.0,
2024-02-23,195.31,197.57,191.5,191.97,78.84,TSLA,-2.76,102.97,-23.43,77.28,37,100.0,100.0,0.0,500,4,20,False,False,0,0,False,0,,False,0,0.0,0.0,0.0,
2024-02-26,192.29,201.78,192.0,199.4,111.75,TSLA,3.87,103.19,8.29,80.27,38,100.0,100.0,0.0,500,4,20,False,False,0,0,False,0,,False,0,0.0,0.0,0.0,
2024-02-27,204.04,205.6,198.26,199.73,108.65,TSLA,0.17,102.37,6.13,80.4,39,100.0,100.0,0.0,500,4,20,False,False,0,0,False,0,,False,0,0.0,0.0,0.0,
2024-02-28,200.42,205.3,198.44,202.04,99.81,TSLA,1.16,101.86,-2.02,81.33,40,100.0,100.0,0.0,500,4,20,False,False,0,0,False,0,,False,0,0.0,0.0,0.0,
2024-02-29,204.18,205.28,198.45,201.88,85.91,TSLA,-0.08,101.0,-14.94,81.27,41,100.0,100.0,0.0,500,4,20,False,False,0,0,False,0,,False,0,0.0,0.0,0.0,
2024-03-01,200.52,204.52,198.5,202.64,82.1,TSLA,0.38,100.51,-18.32,81.57,42,100.0,100.0,0.0,500,4,20,False,False,0,0,False,0,,False,0,0.0,0.0,0.0,
2024-03-04,198.73,199.75,186.72,188.14,134.33,TSLA,-7.16,101.7,32.09,75.73,43,100.0,100.0,0.0,500,4,20,False,False,0,0,False,0,,False,0,0.0,0.0,0.0,
2024-03-05,183.05,184.59,177.57,180.74,119.66,TSLA,-3.93,100.97,18.51,72.76,44,100.0,100.0,0.0,500,4,20,False,False,0,0,False,0,,False,0,0.0,0.0,0.0,
2024-03-06,179.99,181.58,173.7,176.54,107.92,TSLA,-2.32,100.23,7.67,71.07,45,100.0,100.0,0.0,500,4,20,False,False,0,0,False,0,,False,0,0.0,0.0,0.0,
2024-03-07,174.35,180.04,173.7,178.65,102.13,TSLA,1.2,99.76,2.37,71.91,46,100.0,100.0,0.0,500,4,20,False,False,0,0,False,0,,False,0,0.0,0.0,0.0,
2024-03-08,181.5,182.73,174.7,175.34,85.32,TSLA,-1.85,99.87,-14.58,70.58,47,100.0,100.0,0.0,500,4,20,False,False,0,0,False,0,,False,0,0.0,0.0,0.0,
2024-03-11,175.45,182.87,174.8,177.77,85.39,TSLA,1.39,99.92,-14.54,71.56,48,100.0,100.0,0.0,500,4,20,False,False,0,0,False,0,,False,0,0.0,0.0,0.0,
2024-03-12,177.77,179.43,172.41,177.54,87.39,TSLA,-0.13,99.51,-12.18,71.47,49,100.0,100.0,0.0,500,4,20,False,False,0,0,False,0,,False,0,0.0,0.0,0.0,
2024-03-13,173.05,176.05,169.15,169.48,106.52,TSLA,-4.54,100.5,5.99,68.22,50,100.0,100.0,0.0,500,4,20,False,False,0,0,False,0,,False,0,0.0,0.0,0.0,
2024-03-14,167.77,171.17,160.51,162.5,126.33,TSLA,-4.12,102.76,22.93,65.41,51,100.0,100.0,0.0,500,4,20,False,False,0,0,False,0,,False,0,0.0,0.0,0.0,
2024-03-15,163.16,165.18,160.76,163.57,96.97,TSLA,0.66,101.57,-4.52,65.84,52,100.0,100.0,0.0,500,4,20,False,False,0,0,False,0,,False,0,0.0,0.0,0.0,
2024-03-18,170.02,174.72,165.9,173.8,108.21,TSLA,6.25,101.42,6.7,69.96,53,100.0,100.0,0.0,500,4,20,False,False,0,0,False,0,,False,0,0.0,0.0,0.0,
2024-03-19,172.36,172.82,167.42,171.32,77.27,TSLA,-1.43,100.05,-22.77,68.96,54,100.0,100.0,0.0,500,4,20,False,False,0,0,False,0,,False,0,0.0,0.0,0.0,
2024-03-20,173.0,176.25,170.82,175.66,83.85,TSLA,2.53,99.05,-15.35,70.71,55,100.0,100.0,0.0,500,4,20,False,False,0,0,False,0,,False,0,0.0,0.0,0.0,
2024-03-21,176.39,178.18,171.8,172.82,73.18,TSLA,-1.62,98.08,-25.39,69.57,56,100.0,100.0,0.0,500,4,20,False,False,0,0,False,0,,False,0,0.0,0.0,0.0,
2024-03-22,166.69,171.2,166.3,170.83,75.45,TSLA,-1.15,97.91,-22.93,68.77,57,100.0,100.0,0.0,500,4,20,False,False,0,0,False,0,,False,0,0.0,0.0,0.0,
2024-03-25,168.76,175.24,168.73,172.63,74.23,TSLA,1.05,96.03,-22.7,69.49,58,100.0,100.0,0.0,500,4,20,False,False,0,0,False,0,,False,0,0.0,0.0,0.0,
2024-03-26,178.58,184.25,177.38,177.67,113.19,TSLA,2.92,96.26,17.59,71.52,59,100.0,100.0,0.0,500,4,20,False,False,0,0,False,0,,False,0,0.0,0.0,0.0,
2024-03-27,181.41,181.91,176.0,179.83,81.8,TSLA,1.22,95.36,-14.21,72.39,60,100.0,100.0,0.0,500,4,20,False,False,0,0,False,0,,False,0,0.0,0.0,0.0,
2024-03-28,177.45,179.57,175.3,175.79,77.65,TSLA,-2.25,94.95,-18.21,70.76,61,100.0,100.0,0.0,500,4,20,False,False,0,0,False,0,,False,0,0.0,0.0,0.0,
2024-04-01,176.17,176.75,170.21,175.22,81.56,TSLA,-0.32,94.92,-14.07,70.53,62,100.0,100.0,0.0,500,4,20,False,False,0,0,False,0,,False,0,0.0,0.0,0.0,
2024-04-02,164.75,167.69,163.43,166.63,116.65,TSLA,-4.9,94.03,24.05,67.08,63,100.0,100.0,0.0,500,4,20,False,False,0,0,False,0,,False,0,0.0,0.0,0.0,
2024-04-03,164.02,168.82,163.28,168.38,82.95,TSLA,1.05,92.2,-10.03,67.78,64,100.0,100.0,0.0,500,4,20,False,False,0,0,False,0,,False,0,0.0,0.0,0.0,
2024-04-04,170.07,177.19,168.01,171.11,123.16,TSLA,1.62,92.96,32.49,68.88,65,100.0,100.0,0.0,500,4,20,False,False,0,0,False,0,,False,0,0.0,0.0,0.0,
2024-04-05,169.08,170.86,160.51,164.9,141.25,TSLA,-3.63,94.92,48.82,66.38,66,100.0,100.0,0.0,500,4,20,False,False,0,0,False,0,,False,0,0.0,0.0,0.0,
2024-04-08,169.34,174.5,167.79,172.98,104.42,TSLA,4.9,95.87,8.92,69.63,67,100.0,100.0,0.0,500,4,20,False,False,0,0,False,0,,False,0,0.0,0.0,0.0,
2024-04-09,172.91,179.22,171.92,176.88,103.23,TSLA,2.25,96.76,6.68,71.2,68,100.0,100.0,0.0,500,4,20,False,False,0,0,False,0,,False,0,0.0,0.0,0.0,
2024-04-10,173.04,174.93,170.01,171.76,84.53,TSLA,-2.89,96.62,-12.51,69.14,69,100.0,100.0,0.0,500,4,20,False,False,0,0,False,0,,False,0,0.0,0.0,0.0,
2024-04-11,172.55,175.88,168.51,174.6,94.52,TSLA,1.65,96.02,-1.57,70.28,70,100.0,100.0,0.0,500,4,20,False,False,0,0,False,0,,False,0,0.0,0.0,0.0,
2024-04-12,172.34,173.81,170.36,171.05,64.51,TSLA,-2.03,92.93,-30.59,68.86,71,100.0,100.0,0.0,500,4,20,False,False,0,0,False,0,,False,0,0.0,0.0,0.0,
2024-04-15,170.24,170.69,161.38,161.48,100.25,TSLA,-5.59,93.09,7.68,65.0,72,100.0,100.0,0.0,500,4,20,False,False,0,0,False,0,,False,0,0.0,0.0,0.0,
2024-04-16,156.74,158.19,153.75,157.11,97.0,TSLA,-2.71,92.53,4.83,63.24,73,100.0,100.0,0.0,500,4,20,False,False,0,0,False,0,,False,0,0.0,0.0,0.0,
2024-04-17,157.64,158.33,153.78,155.45,82.44,TSLA,-1.06,92.79,-11.16,62.58,74,100.0,100.0,0.0,500,4,20,False,False,0,0,False,0,,False,0,0.0,0.0,0.0,
2024-04-18,151.25,152.2,148.7,149.93,96.1,TSLA,-3.55,93.4,2.89,60.35,75,100.0,100.0,0.0,500,4,20,False,False,0,0,False,0,,False,0,0.0,0.0,0.0,
2024-04-19,148.97,150.94,146.22,147.05,86.01,TSLA,-1.92,94.05,-8.55,59.19,76,100.0,100.0,0.0,500,4,20,False,False,0,0,False,0,,False,0,0.0,0.0,0.0,
2024-04-22,140.56,144.44,138.8,142.05,107.1,TSLA,-3.4,95.63,11.99,57.18,77,100.0,100.0,0.0,500,4,20,False,False,0,0,False,0,,False,0,0.0,0.0,0.0,
2024-04-23,143.33,147.26,141.11,144.68,124.55,TSLA,1.85,98.14,26.9,58.24,78,100.0,100.0,0.0,500,4,20,False,False,0,0,False,0,,False,0,0.0,0.0,0.0,
2024-04-24,162.84,167.97,157.51,162.13,181.18,TSLA,12.06,101.54,78.43,65.26,79,100.0,100.0,0.0,500,4,20,False,False,0,0,False,0,,False,0,0.0,0.0,0.0,
2024-04-25,158.96,170.88,158.36,170.18,126.43,TSLA,4.97,103.77,21.83,68.5,80,100.0,100.0,0.0,500,4,20,False,False,0,0,False,0,,False,0,0.0,0.0,0.0,
2024-04-26,168.85,172.12,166.37,168.29,109.82,TSLA,-1.11,105.38,4.21,67.74,81,100.0,100.0,0.0,500,4,20,False,False,0,0,False,0,,False,0,0.0,0.0,0.0,
2024-04-29,188.42,198.87,184.54,194.05,243.87,TSLA,15.31,113.5,114.87,78.11,82,100.0,100.0,0.0,500,4,20,False,False,0,0,False,0,,False,0,0.0,0.0,0.0,
2024-04-30,186.98,190.95,182.84,183.28,127.03,TSLA,-5.55,114.02,11.42,73.78,83,100.0,100.0,0.0,500,4,20,False,False,0,0,False,0,,False,0,0.0,0.0,0.0,
2024-05-01,182.0,185.86,179.01,179.99,92.83,TSLA,-1.8,114.51,-18.93,72.45,84,100.0,100.0,0.0,500,4,20,False,False,0,0,False,0,,False,0,0.0,0.0,0.0,
2024-05-02,182.86,184.6,176.02,180.01,89.15,TSLA,0.01,112.81,-20.97,72.46,85,100.0,100.0,0.0,500,4,20,False,False,0,0,False,0,,False,0,0.0,0.0,0.0,
2024-05-03,182.1,184.78,178.42,181.19,75.49,TSLA,0.66,109.52,-31.07,72.94,86,100.0,100.0,0.0,500,4,20,False,False,0,0,False,0,,False,0,0.0,0.0,0.0,
2024-05-06,183.8,187.56,182.2,184.76,84.39,TSLA,1.97,108.52,-22.24,74.37,87,100.0,100.0,0.0,500,4,20,False,False,0,0,False,0,,False,0,0.0,0.0,0.0,
2024-05-07,182.4,183.26,177.4,177.81,75.05,TSLA,-3.76,107.11,-29.94,71.58,88,100.0,100.0,0.0,500,4,20,False,False,0,0,False,0,,False,0,0.0,0.0,0.0,
2024-05-08,171.59,176.06,170.15,174.72,79.97,TSLA,-1.74,106.88,-25.18,70.33,89,100.0,100.0,0.0,500,4,20,False,False,0,0,False,0,,False,0,0.0,0.0,0.0,
2024-05-09,175.01,175.62,171.37,171.97,65.95,TSLA,-1.57,105.45,-37.46,69.23,90,100.0,100.0,0.0,500,4,20,False,False,0,0,False,0,,False,0,0.0,0.0,0.0,
2024-05-10,173.05,173.06,167.75,168.47,72.63,TSLA,-2.04,105.86,-31.39,67.82,91,100.0,100.0,0.0,500,4,20,False,False,0,0,False,0,,False,0,0.0,0.0,0.0,
2024-05-13,170.0,175.4,169.0,171.89,67.02,TSLA,2.03,104.2,-35.68,69.19,92,100.0,100.0,0.0,500,4,20,False,False,0,0,False,0,,False,0,0.0,0.0,0.0,
2024-05-14,174.5,179.49,174.07,177.55,86.41,TSLA,3.29,103.67,-16.65,71.47,93,100.0,100.0,0.0,500,4,20,False,False,0,0,False,0,,False,0,0.0,0.0,0.0,
2024-05-15,179.9,180.0,173.11,173.99,79.66,TSLA,-2.01,103.53,-23.05,70.04,94,100.0,100.0,0.0,500,4,20,False,False,0,0,False,0,,False,0,0.0,0.0,0.0,
2024-05-16,174.1,175.79,171.43,174.84,59.81,TSLA,0.49,101.72,-41.2,70.38,95,100.0,100.0,0.0,500,4,20,False,False,0,0,False,0,,False,0,0.0,0.0,0.0,
2024-05-17,173.55,179.63,172.75,177.46,77.45,TSLA,1.5,101.29,-23.54,71.44,96,100.0,100.0,0.0,500,4,20,False,False,0,0,False,0,,False,0,0.0,0.0,0.0,
2024-05-20,177.56,177.75,173.52,174.95,61.73,TSLA,-1.41,99.02,-37.66,70.43,97,100.0,100.0,0.0,500,4,20,False,False,0,0,False,0,,False,0,0.0,0.0,0.0,
2024-05-21,175.51,186.88,174.71,186.6,115.27,TSLA,6.66,98.56,16.96,75.11,98,100.0,100.0,0.0,500,4,20,False,False,0,0,False,0,,False,0,0.0,0.0,0.0,
2024-05-22,182.85,183.8,178.12,180.11,88.31,TSLA,-3.48,93.91,-5.96,72.5,99,100.0,100.0,0.0,500,4,20,False,False,0,0,False,0,,False,0,0.0,0.0,0.0,
2024-05-23,181.8,181.9,173.26,173.74,71.98,TSLA,-3.54,91.19,-21.07,69.94,100,100.0,100.0,0.0,500,4,20,False,False,0,0,False,0,,False,0,0.0,0.0,0.0,
2024-05-24,174.84,180.08,173.73,179.24,65.48,TSLA,3.17,88.97,-26.41,72.15,101,100.0,100.0,0.0,500,4,20,False,False,0,0,False,0,,False,0,0.0,0.0,0.0,
2024-05-28,176.4,178.25,173.16,176.75,59.74,TSLA,-1.39,79.77,-25.11,71.15,102,100.0,100.0,0.0,500,4,20,False,False,0,0,False,0,,False,0,0.0,0.0,0.0,
2024-05-29,174.19,178.15,173.93,176.19,54.78,TSLA,-0.32,76.15,-28.06,70.92,103,100.0,100.0,0.0,500,4,20,False,False,0,0,False,0,,False,0,0.0,0.0,0.0,
2024-05-30,178.58,182.67,175.38,178.79,77.78,TSLA,1.48,75.4,3.16,71.97,104,100.0,100.0,0.0,500,4,20,False,False,0,0,False,0,,False,0,0.0,0.0,0.0,
2024-05-31,178.5,180.32,173.82,178.08,67.31,TSLA,-0.4,74.31,-9.41,71.69,105,100.0,100.0,0.0,500,4,20,False,False,0,0,False,0,,False,0,0.0,0.0,0.0,
2024-06-03,178.13,182.64,174.49,176.29,68.57,TSLA,-1.01,73.96,-7.29,70.96,106,100.0,100.0,0.0,500,4,20,False,False,0,0,False,0,,False,0,0.0,0.0,0.0,
2024-06-04,174.78,177.76,174.0,174.77,60.06,TSLA,-0.86,72.75,-17.45,70.35,107,100.0,100.0,0.0,500,4,20,False,False,0,0,False,0,,False,0,0.0,0.0,0.0,
2024-06-05,175.35,176.15,172.13,175.0,57.95,TSLA,0.13,71.89,-19.39,70.45,108,100.0,100.0,0.0,500,4,20,False,False,0,0,False,0,,False,0,0.0,0.0,0.0,
2024-06-06,174.6,179.73,172.73,177.94,69.89,TSLA,1.68,71.39,-2.1,71.63,109,100.0,100.0,0.0,500,4,20,False,False,0,0,False,0,,False,0,0.0,0.0,0.0,
2024-06-07,176.13,179.35,175.58,177.48,56.24,TSLA,-0.26,70.9,-20.67,71.44,110,100.0,100.0,0.0,500,4,20,False,False,0,0,False,0,,False,0,0.0,0.0,0.0,
2024-06-10,176.06,178.57,173.17,173.79,50.87,TSLA,-2.08,69.82,-27.14,69.96,111,100.0,100.0,0.0,500,4,20,False,False,0,0,False,0,,False,0,0.0,0.0,0.0,
2024-06-11,173.92,174.75,167.41,170.66,64.76,TSLA,-1.8,69.7,-7.09,68.7,112,100.0,100.0,0.0,500,4,20,False,False,0,0,False,0,,False,0,0.0,0.0,0.0,
2024-06-12,171.12,180.55,169.8,177.29,90.39,TSLA,3.88,69.9,29.31,71.37,113,100.0,100.0,0.0,500,4,20,False,False,0,0,False,0,,False,0,0.0,0.0,0.0,
2024-06-13,188.39,191.08,181.23,182.47,118.98,TSLA,2.92,71.87,65.56,73.45,114,100.0,100.0,0.0,500,4,20,False,False,0,0,False,0,,False,0,0.0,0.0,0.0,
2024-06-14,185.8,186.0,176.92,178.01,82.04,TSLA,-2.44,72.98,12.41,71.66,115,100.0,100.0,0.0,500,4,20,False,False,0,0,False,0,,False,0,0.0,0.0,0.0,
2024-06-17,177.92,188.81,177.0,187.44,109.79,TSLA,5.3,74.6,47.17,75.45,116,100.0,100.0,0.0,500,4,20,False,False,0,0,False,0,,False,0,0.0,0.0,0.0,
2024-06-18,186.56,187.2,182.37,184.86,68.98,TSLA,-1.38,74.96,-7.97,74.41,117,100.0,100.0,0.0,500,4,20,False,False,0,0,False,0,,False,0,0.0,0.0,0.0,
2024-06-20,184.68,185.21,179.66,181.57,55.89,TSLA,-1.78,71.99,-22.36,73.09,118,100.0,100.0,0.0,500,4,20,False,False,0,0,False,0,,False,0,0.0,0.0,0.0,
2024-06-21,182.3,183.95,180.69,183.01,63.03,TSLA,0.79,70.73,-10.88,73.67,119,100.0,100.0,0.0,500,4,20,False,False,0,0,False,0,,False,0,0.0,0.0,0.0,
2024-06-24,184.97,188.8,182.55,182.58,61.99,TSLA,-0.23,70.23,-11.73,73.5,120,100.0,100.0,0.0,500,4,20,False,False,0,0,False,0,,False,0,0.0,0.0,0.0,
2024-06-25,184.4,187.97,182.01,187.35,63.68,TSLA,2.61,70.14,-9.21,75.42,121,100.0,100.0,0.0,500,4,20,False,False,0,0,False,0,,False,0,0.0,0.0,0.0,
2024-06-26,186.54,197.76,186.36,196.37,95.74,TSLA,4.81,71.94,33.09,79.05,122,100.0,100.0,0.0,500,4,20,False,False,0,0,False,0,,False,0,0.0,0.0,0.0,
2024-06-27,195.17,198.72,194.05,197.42,72.75,TSLA,0.53,72.83,-0.12,79.47,123,100.0,100.0,0.0,500,4,20,False,False,0,0,False,0,,False,0,0.0,0.0,0.0,
2024-06-28,199.55,203.2,195.26,197.88,95.44,TSLA,0.23,73.72,29.46,79.66,124,100.0,100.0,0.0,500,4,20,False,False,0,0,False,0,,False,0,0.0,0.0,0.0,
2024-07-01,201.02,213.23,200.85,209.86,135.69,TSLA,6.05,77.14,75.91,84.48,125,100.0,100.0,0.0,500,4,20,False,False,0,0,False,0,,False,0,0.0,0.0,0.0,
2024-07-02,218.89,231.3,218.06,231.26,205.05,TSLA,10.2,83.96,144.22,93.09,126,100.0,100.0,0.0,500,4,20,False,False,0,0,False,0,,False,0,0.0,0.0,0.0,
2024-07-03,234.56,248.35,234.25,246.39,166.56,TSLA,6.54,89.29,86.55,99.18,127,100.0,100.0,0.0,500,4,20,False,False,0,0,False,0,,False,0,0.0,0.0,0.0,
2024-07-05,249.81,252.37,242.46,251.52,154.5,TSLA,2.08,94.11,64.17,101.25,128,100.0,100.0,0.0,500,4,20,False,False,0,0,False,0,,False,0,0.0,0.0,0.0,
2024-07-08,247.71,259.44,244.57,252.94,157.22,TSLA,0.56,98.48,59.65,101.82,129,100.0,100.0,0.0,500,4,20,False,False,0,0,False,0,,False,0,0.0,0.0,0.0,
2024-07-09,251.0,265.61,250.3,262.33,160.21,TSLA,3.71,103.68,54.53,105.6,130,100.0,100.0,0.0,500,4,20,False,False,0,0,False,0,,False,0,0.0,0.0,0.0,
2024-07-10,262.8,267.59,257.86,263.26,128.52,TSLA,0.35,107.56,19.49,105.97,131,100.0,100.0,0.0,500,4,20,False,False,0,0,False,0,,False,0,0.0,0.0,0.0,
2024-07-11,263.3,271.0,239.65,241.03,221.71,TSLA,-8.44,115.41,92.11,97.03,132,100.0,100.0,0.0,500,4,20,False,False,0,0,False,0,,False,0,0.0,0.0,0.0,
2024-07-12,235.8,251.84,233.09,248.23,155.96,TSLA,2.99,118.69,31.4,99.92,133,100.0,100.0,0.0,500,4,20,False,False,0,0,False,0,,False,0,0.0,0.0,0.0,
2024-07-15,255.97,265.6,251.73,252.64,146.91,TSLA,1.78,120.08,22.34,101.7,134,100.0,100.0,0.0,500,4,20,False,False,0,0,False,0,,False,0,0.0,0.0,0.0,
2024-07-16,255.31,258.62,245.8,256.56,126.33,TSLA,1.55,122.3,3.3,103.28,135,100.0,100.0,0.0,500,4,20,False,False,0,0,False,0,,False,0,0.0,0.0,0.0,
2024-07-17,252.73,258.47,246.18,248.5,115.58,TSLA,-3.14,122.59,-5.71,100.03,136,100.0,100.0,0.0,500,4,20,False,False,0,0,False,0,,False,0,0.0,0.0,0.0,
2024-07-18,251.09,257.14,247.2,249.23,110.87,TSLA,0.29,124.68,-11.08,100.33,137,100.0,100.0,0.0,500,4,20,False,False,0,0,False,0,,False,0,0.0,0.0,0.0,
2024-07-19,247.79,249.44,236.83,239.2,87.4,TSLA,-4.02,126.26,-30.77,96.29,138,100.0,100.0,0.0,500,4,20,False,False,0,0,False,0,,False,0,0.0,0.0,0.0,
2024-07-22,244.21,253.21,243.75,251.51,101.23,TSLA,5.15,128.17,-21.02,101.24,139,100.0,100.0,0.0,500,4,20,False,False,0,0,False,0,,False,0,0.0,0.0,0.0,
2024-07-23,253.6,255.76,245.63,246.38,111.93,TSLA,-2.04,130.66,-14.34,99.18,140,100.0,100.0,0.0,500,4,20,False,False,0,0,False,0,,False,0,0.0,0.0,0.0,
2024-07-24,225.42,225.99,214.71,215.99,167.94,TSLA,-12.33,135.88,23.6,86.95,141,100.0,100.0,0.0,500,4,20,False,False,0,0,False,0,,False,0,0.0,0.0,0.0,
2024-07-25,216.8,226.0,216.23,220.25,100.64,TSLA,1.97,136.12,-26.07,88.66,142,100.0,100.0,0.0,500,4,20,False,False,0,0,False,0,,False,0,0.0,0.0,0.0,
2024-07-26,221.19,222.28,215.33,219.8,94.6,TSLA,-0.2,137.21,-31.05,88.48,143,100.0,100.0,0.0,500,4,20,False,False,0,0,False,0,,False,0,0.0,0.0,0.0,
2024-07-29,224.9,234.27,224.7,232.1,129.2,TSLA,5.6,138.9,-6.98,93.43,144,100.0,100.0,0.0,500,4,20,False,False,0,0,False,0,,False,0,0.0,0.0,0.0,
2024-07-30,232.25,232.41,220.0,222.62,100.56,TSLA,-4.08,137.15,-26.68,89.61,145,100.0,100.0,0.0,500,4,20,False,False,0,0,False,0,,False,0,0.0,0.0,0.0,
2024-07-31,227.9,234.68,226.79,232.07,67.5,TSLA,4.24,130.27,-48.19,93.42,146,100.0,100.0,0.0,500,4,20,False,False,0,0,False,0,,False,0,0.0,0.0,0.0,
2024-08-01,227.69,231.87,214.33,216.86,83.86,TSLA,-6.55,126.13,-33.51,87.3,147,100.0,100.0,0.0,500,4,20,False,False,0,0,False,0,,False,0,0.0,0.0,0.0,
2024-08-02,214.88,216.13,205.78,207.67,82.88,TSLA,-4.24,122.55,-32.37,83.6,148,100.0,100.0,0.0,500,4,20,False,False,0,0,False,0,,False,0,0.0,0.0,0.0,
2024-08-05,185.22,203.88,182.0,198.88,100.31,TSLA,-4.23,119.71,-16.2,80.06,149,100.0,100.0,0.0,500,4,20,False,False,0,0,False,0,,False,0,0.0,0.0,0.0,
2024-08-06,200.75,202.9,192.67,200.64,73.78,TSLA,0.88,115.39,-36.05,80.77,150,100.0,100.0,0.0,500,4,20,False,False,0,0,False,0,,False,0,0.0,0.0,0.0,
2024-08-07,200.77,203.49,191.48,191.76,71.16,TSLA,-4.43,112.52,-36.76,77.19,151,100.0,100.0,0.0,500,4,20,False,False,0,0,False,0,,False,0,0.0,0.0,0.0,
2024-08-08,195.7,200.7,192.04,198.84,65.03,TSLA,3.69,104.68,-37.88,80.04,152,100.0,100.0,0.0,500,4,20,False,False,0,0,False,0,,False,0,0.0,0.0,0.0,
2024-08-09,197.05,200.88,195.11,200.0,58.65,TSLA,0.58,99.82,-41.25,80.51,153,100.0,100.0,0.0,500,4,20,False,False,0,0,False,0,,False,0,0.0,0.0,0.0,
2024-08-12,199.02,199.26,194.67,197.49,64.04,TSLA,-1.25,95.68,-33.06,79.5,154,100.0,100.0,0.0,500,4,20,False,False,0,0,False,0,,False,0,0.0,0.0,0.0,
2024-08-13,198.47,208.49,197.06,207.83,76.25,TSLA,5.24,93.17,-18.16,83.66,155,100.0,100.0,0.0,500,4,20,False,False,0,0,False,0,,False,0,0.0,0.0,0.0,
2024-08-14,207.39,208.44,198.75,201.38,70.25,TSLA,-3.1,90.9,-22.72,81.06,156,100.0,100.0,0.0,500,4,20,False,False,0,0,False,0,,False,0,0.0,0.0,0.0,
2024-08-15,205.02,215.88,204.82,214.14,89.85,TSLA,6.34,89.85,-0.01,86.2,157,100.0,100.0,0.0,500,4,20,False,False,0,0,False,0,,False,0,0.0,0.0,0.0,
2024-08-16,211.15,219.8,210.8,216.12,88.77,TSLA,0.92,89.92,-1.29,87.0,158,100.0,100.0,0.0,500,4,20,False,False,0,0,False,0,,False,0,0.0,0.0,0.0,
2024-08-19,217.07,222.98,214.09,222.72,76.44,TSLA,3.05,88.68,-13.81,89.65,159,100.0,100.0,0.0,500,4,20,False,False,0,0,False,0,,False,0,0.0,0.0,0.0,
2024-08-20,224.88,228.22,219.56,221.1,74.0,TSLA,-0.73,86.79,-14.73,89.0,160,100.0,100.0,0.0,500,4,20,False,False,0,0,False,0,,False,0,0.0,0.0,0.0,
2024-08-21,222.67,224.66,218.86,223.27,70.15,TSLA,0.98,81.9,-14.35,89.88,161,100.0,100.0,0.0,500,4,20,False,False,0,0,False,0,,False,0,0.0,0.0,0.0,
2024-08-22,223.82,224.8,210.32,210.66,79.51,TSLA,-5.65,80.84,-1.64,84.8,162,100.0,100.0,0.0,500,4,20,False,False,0,0,False,0,,False,0,0.0,0.0,0.0,
2024-08-23,214.46,221.48,214.21,220.32,81.53,TSLA,4.59,80.19,1.67,88.69,163,100.0,100.0,0.0,500,4,20,False,False,0,0,False,0,,False,0,0.0,0.0,0.0,
2024-08-26,218.75,219.09,211.01,213.21,59.3,TSLA,-3.23,76.69,-22.67,85.83,164,100.0,100.0,0.0,500,4,20,False,False,0,0,False,0,,False,0,0.0,0.0,0.0,
2024-08-27,213.25,215.66,206.94,209.21,62.82,TSLA,-1.88,74.8,-16.02,84.22,165,100.0,100.0,0.0,500,4,20,False,False,0,0,False,0,,False,0,0.0,0.0,0.0,
2024-08-28,209.72,211.84,202.59,205.75,64.12,TSLA,-1.65,74.63,-14.09,82.82,166,100.0,100.0,0.0,500,4,20,False,False,0,0,False,0,,False,0,0.0,0.0,0.0,
2024-08-29,209.8,214.89,205.97,206.28,62.31,TSLA,0.26,73.56,-15.29,83.04,167,100.0,100.0,0.0,500,4,20,False,False,0,0,False,0,,False,0,0.0,0.0,0.0,
2024-08-30,208.63,214.57,207.03,214.11,63.37,TSLA,3.8,72.58,-12.69,86.19,168,100.0,100.0,0.0,500,4,20,False,False,0,0,False,0,,False,0,0.0,0.0,0.0,
2024-09-03,215.26,219.9,209.64,210.6,76.71,TSLA,-1.64,71.4,7.44,84.78,169,100.0,100.0,0.0,500,4,20,False,False,0,0,False,0,,False,0,0.0,0.0,0.0,
2024-09-04,210.59,222.22,210.57,219.41,80.65,TSLA,4.18,71.75,12.41,88.32,170,100.0,100.0,0.0,500,4,20,False,False,0,0,False,0,,False,0,0.0,0.0,0.0,
2024-09-05,223.49,235.0,222.25,230.17,119.36,TSLA,4.9,74.15,60.95,92.65,171,100.0,100.0,0.0,500,4,20,False,False,0,0,False,0,,False,0,0.0,0.0,0.0,
2024-09-06,232.6,233.6,210.51,210.73,112.18,TSLA,-8.45,76.51,46.61,84.83,172,100.0,100.0,0.0,500,4,20,False,False,0,0,False,0,,False,0,0.0,0.0,0.0,
2024-09-09,216.2,219.87,213.67,216.27,67.44,TSLA,2.63,76.95,-12.36,87.06,173,100.0,100.0,0.0,500,4,20,False,False,0,0,False,0,,False,0,0.0,0.0,0.0,
2024-09-10,220.07,226.4,218.64,226.17,78.89,TSLA,4.58,77.69,1.54,91.04,174,100.0,100.0,0.0,500,4,20,False,False,0,0,False,0,,False,0,0.0,0.0,0.0,
2024-09-11,224.55,228.47,216.8,228.13,83.55,TSLA,0.87,78.06,7.03,91.83,175,100.0,100.0,0.0,500,4,20,False,False,0,0,False,0,,False,0,0.0,0.0,0.0,
2024-09-12,224.66,231.45,223.83,229.81,72.02,TSLA,0.74,78.15,-7.84,92.51,176,100.0,100.0,0.0,500,4,20,False,False,0,0,False,0,,False,0,0.0,0.0,0.0,
2024-09-13,228.0,232.67,226.32,230.29,59.52,TSLA,0.21,76.63,-22.34,92.7,177,100.0,100.0,0.0,500,4,20,False,False,0,0,False,0,,False,0,0.0,0.0,0.0,
2024-09-16,229.3,229.96,223.53,226.78,54.32,TSLA,-1.52,74.91,-27.48,91.29,178,100.0,100.0,0.0,500,4,20,False,False,0,0,False,0,,False,0,0.0,0.0,0.0,
2024-09-17,229.45,234.57,226.55,227.87,66.76,TSLA,0.48,74.43,-10.3,91.73,179,100.0,100.0,0.0,500,4,20,False,False,0,0,False,0,,False,0,0.0,0.0,0.0,
2024-09-18,230.09,235.68,226.88,227.2,78.01,TSLA,-0.29,74.63,4.54,91.46,180,100.0,100.0,0.0,500,4,20,False,False,0,0,False,0,,False,0,0.0,0.0,0.0,
2024-09-19,234.0,244.24,232.13,243.92,102.69,TSLA,7.36,76.25,34.68,98.19,181,100.0,100.0,0.0,500,4,20,False,False,0,0,False,0,,False,0,0.0,0.0,0.0,
2024-09-20,241.52,243.99,235.92,238.25,99.88,TSLA,-2.32,77.27,29.26,95.91,182,100.0,100.0,0.0,500,4,20,False,False,0,0,False,0,,False,0,0.0,0.0,0.0,
2024-09-23,242.61,250.0,241.92,250.0,86.93,TSLA,4.93,77.54,12.1,100.64,183,100.0,100.0,0.0,500,4,20,False,False,0,0,False,0,,False,0,0.0,0.0,0.0,
2024-09-24,254.08,257.19,249.05,254.27,88.49,TSLA,1.71,79.0,12.01,102.35,184,100.0,100.0,0.0,500,4,20,False,False,0,0,False,0,,False,0,0.0,0.0,0.0,
2024-09-25,252.54,257.05,252.28,257.02,65.03,TSLA,1.08,79.11,-17.79,103.46,185,100.0,100.0,0.0,500,4,20,False,False,0,0,False,0,,False,0,0.0,0.0,0.0,
2024-09-26,260.6,261.75,251.53,254.22,67.14,TSLA,-1.09,79.26,-15.29,102.33,186,100.0,100.0,0.0,500,4,20,False,False,0,0,False,0,,False,0,0.0,0.0,0.0,
2024-09-27,257.38,260.7,254.12,260.46,70.99,TSLA,2.45,79.7,-10.93,104.85,187,100.0,100.0,0.0,500,4,20,False,False,0,0,False,0,,False,0,0.0,0.0,0.0,
2024-09-30,259.04,264.86,255.77,261.63,80.71,TSLA,0.45,80.56,0.18,105.32,188,100.0,100.0,0.0,500,4,20,False,False,0,0,False,0,,False,0,0.0,0.0,0.0,
2024-10-01,262.67,263.98,248.53,258.02,87.4,TSLA,-1.38,81.1,7.77,103.86,189,100.0,100.0,0.0,500,4,20,False,False,0,0,False,0,,False,0,0.0,0.0,0.0,
2024-10-02,247.55,251.16,241.5,249.02,93.98,TSLA,-3.49,81.76,14.94,100.24,190,100.0,100.0,0.0,500,4,20,False,False,0,0,False,0,,False,0,0.0,0.0,0.0,
2024-10-03,244.48,249.79,237.81,240.66,80.73,TSLA,-3.36,79.83,1.12,96.88,191,100.0,100.0,0.0,500,4,20,False,False,0,0,False,0,,False,0,0.0,0.0,0.0,
2024-10-04,246.69,250.96,244.58,250.08,86.57,TSLA,3.91,78.55,10.21,100.67,192,100.0,100.0,0.0,500,4,20,False,False,0,0,False,0,,False,0,0.0,0.0,0.0,
2024-10-07,249.0,249.83,240.7,240.83,68.11,TSLA,-3.7,78.59,-13.33,96.94,193,100.0,100.0,0.0,500,4,20,False,False,0,0,False,0,,False,0,0.0,0.0,0.0,
2024-10-08,243.56,246.21,240.56,244.5,56.3,TSLA,1.52,77.46,-27.31,98.42,194,100.0,100.0,0.0,500,4,20,False,False,0,0,False,0,,False,0,0.0,0.0,0.0,
2024-10-09,243.82,247.43,239.51,241.05,66.29,TSLA,-1.41,76.59,-13.45,97.03,195,100.0,100.0,0.0,500,4,20,False,False,0,0,False,0,,False,0,0.0,0.0,0.0,
2024-10-10,241.81,242.79,232.34,238.77,83.09,TSLA,-0.95,77.15,7.7,96.12,196,100.0,100.0,0.0,500,4,20,False,False,0,0,False,0,,False,0,0.0,0.0,0.0,
2024-10-11,220.13,223.34,214.38,217.8,142.63,TSLA,-8.78,81.3,75.43,87.67,197,100.0,100.0,0.0,500,4,20,False,False,0,0,False,0,,False,0,0.0,0.0,0.0,
2024-10-14,220.13,221.91,213.74,219.16,86.29,TSLA,0.62,82.9,4.09,88.22,198,100.0,100.0,0.0,500,4,20,False,False,0,0,False,0,,False,0,0.0,0.0,0.0,
2024-10-15,220.01,224.26,217.12,219.57,62.99,TSLA,0.19,82.71,-23.85,88.39,199,100.0,100.0,0.0,500,4,20,False,False,0,0,False,0,,False,0,0.0,0.0,0.0,
2024-10-16,221.4,222.82,218.93,221.33,49.63,TSLA,0.8,81.29,-38.95,89.1,200,100.0,100.0,0.0,500,4,20,False,False,0,0,False,0,,False,0,0.0,0.0,0.0,
2024-10-17,221.59,222.08,217.9,220.89,50.79,TSLA,-0.2,78.7,-35.46,88.92,201,100.0,100.0,0.0,500,4,20,False,False,0,0,False,0,,False,0,0.0,0.0,0.0,
2024-10-18,220.71,222.28,219.23,220.7,49.61,TSLA,-0.09,76.19,-34.88,88.84,202,100.0,100.0,0.0,500,4,20,False,False,0,0,False,0,,False,0,0.0,0.0,0.0,
2024-10-21,218.9,220.48,215.73,218.85,47.33,TSLA,-0.84,74.21,-36.22,88.1,203,100.0,100.0,0.0,500,4,20,False,False,0,0,False,0,,False,0,0.0,0.0,0.0,
2024-10-22,217.31,218.22,215.26,217.97,43.27,TSLA,-0.4,71.94,-39.86,87.74,204,100.0,100.0,0.0,500,4,20,False,False,0,0,False,0,,False,0,0.0,0.0,0.0,
2024-10-23,217.13,218.72,212.11,213.65,80.94,TSLA,-1.98,72.74,11.27,86.0,205,100.0,100.0,0.0,500,4,20,False,False,0,0,False,0,,False,0,0.0,0.0,0.0,
2024-10-24,244.68,262.12,242.65,260.48,204.49,TSLA,21.92,79.61,156.88,104.85,206,100.0,100.0,0.0,500,4,20,False,False,0,0,False,0,,False,0,0.0,0.0,0.0,
2024-10-25,256.01,269.49,255.32,269.19,161.61,TSLA,3.34,84.14,92.08,108.36,207,100.0,100.0,0.0,500,4,20,False,False,0,0,False,0,,False,0,0.0,0.0,0.0,
2024-10-28,270.0,273.54,262.24,262.51,107.65,TSLA,-2.48,85.49,25.93,105.67,208,100.0,100.0,0.0,500,4,20,False,False,0,0,False,0,,False,0,0.0,0.0,0.0,
2024-10-29,264.51,264.98,255.51,259.52,80.52,TSLA,-1.14,85.14,-5.43,104.47,209,100.0,100.0,0.0,500,4,20,False,False,0,0,False,0,,False,0,0.0,0.0,0.0,
2024-10-30,258.04,263.35,255.82,257.55,53.99,TSLA,-0.76,83.14,-35.06,103.68,210,100.0,100.0,0.0,500,4,20,False,False,0,0,False,0,,False,0,0.0,0.0,0.0,
2024-10-31,257.99,259.75,249.25,249.85,66.58,TSLA,-2.99,82.43,-19.24,100.58,211,100.0,100.0,0.0,500,4,20,False,False,0,0,False,0,,False,0,0.0,0.0,0.0,
2024-11-01,252.04,254.0,246.63,248.98,57.54,TSLA,-0.35,80.98,-28.94,100.23,212,100.0,100.0,0.0,500,4,20,False,False,0,0,False,0,,False,0,0.0,0.0,0.0,
2024-11-04,244.56,248.9,238.88,242.84,68.8,TSLA,-2.47,81.02,-15.08,97.75,213,100.0,100.0,0.0,500,4,20,False,False,0,0,False,0,,False,0,0.0,0.0,0.0,
2024-11-05,247.34,255.28,246.21,251.44,69.28,TSLA,3.54,81.67,-15.16,101.22,214,100.0,100.0,0.0,500,4,20,False,False,0,0,False,0,,False,0,0.0,0.0,0.0,
2024-11-06,284.67,289.59,275.62,288.53,165.23,TSLA,14.75,86.61,90.76,116.15,215,100.0,100.0,0.0,500,4,20,False,False,0,0,False,0,,False,0,0.0,0.0,0.0,
2024-11-07,288.89,299.75,285.52,296.91,117.31,TSLA,2.9,88.32,32.82,119.52,216,100.0,100.0,0.0,500,4,20,False,False,0,0,False,0,,False,0,0.0,0.0,0.0,
2024-11-08,299.14,328.71,297.66,321.22,204.78,TSLA,8.19,91.43,123.97,129.31,217,100.0,100.0,0.0,500,4,20,False,False,0,0,False,0,,False,0,0.0,0.0,0.0,
2024-11-11,346.3,358.64,336.0,350.0,210.52,TSLA,8.96,97.64,115.6,140.89,218,100.0,100.0,0.0,500,4,20,False,False,0,0,False,0,,False,0,0.0,0.0,0.0,
2024-11-12,342.74,345.84,323.31,328.49,155.73,TSLA,-6.15,102.28,52.25,132.23,219,100.0,100.0,0.0,500,4,20,False,False,0,0,False,0,,False,0,0.0,0.0,0.0,
2024-11-13,335.85,344.6,322.5,330.24,125.41,TSLA,0.53,106.07,18.23,132.94,220,100.0,100.0,0.0,500,4,20,False,False,0,0,False,0,,False,0,0.0,0.0,0.0,
2024-11-14,327.69,329.98,310.37,311.18,120.73,TSLA,-5.77,109.57,10.19,125.26,221,100.0,100.0,0.0,500,4,20,False,False,0,0,False,0,,False,0,0.0,0.0,0.0,
2024-11-15,310.57,324.68,309.22,320.72,114.44,TSLA,3.07,112.81,1.45,129.1,222,100.0,100.0,0.0,500,4,20,False,False,0,0,False,0,,False,0,0.0,0.0,0.0,
2024-11-18,340.73,348.55,330.01,338.74,126.55,TSLA,5.62,116.77,8.37,136.36,223,100.0,100.0,0.0,500,4,20,False,False,0,0,False,0,,False,0,0.0,0.0,0.0,
2024-11-19,335.76,347.38,332.75,346.0,88.85,TSLA,2.14,119.05,-25.36,139.28,224,100.0,100.0,0.0,500,4,20,False,False,0,0,False,0,,False,0,0.0,0.0,0.0,
2024-11-20,345.0,346.6,334.3,342.03,66.34,TSLA,-1.15,118.32,-43.93,137.68,225,100.0,100.0,0.0,500,4,20,False,False,0,0,False,0,,False,0,0.0,0.0,0.0,
2024-11-21,343.81,347.99,335.28,339.64,58.01,TSLA,-0.7,110.99,-47.73,136.72,226,100.0,100.0,0.0,500,4,20,False,False,0,0,False,0,,False,0,0.0,0.0,0.0,
2024-11-22,341.09,361.53,337.7,352.56,89.14,TSLA,3.8,107.37,-16.98,141.92,227,100.0,100.0,0.0,500,4,20,False,False,0,0,False,0,,False,0,0.0,0.0,0.0,
2024-11-25,360.14,361.93,338.2,338.59,95.89,TSLA,-3.96,106.78,-10.2,136.3,228,100.0,100.0,0.0,500,4,20,False,False,0,0,False,0,,False,0,0.0,0.0,0.0,
2024-11-26,341.0,346.96,335.66,338.23,62.3,TSLA,-0.11,105.87,-41.16,136.15,229,100.0,100.0,0.0,500,4,20,False,False,0,0,False,0,,False,0,0.0,0.0,0.0,
2024-11-27,341.8,342.55,326.59,332.89,57.9,TSLA,-1.58,106.07,-45.41,134.0,230,100.0,100.0,0.0,500,4,20,False,False,0,0,False,0,,False,0,0.0,0.0,0.0,
2024-11-29,336.08,345.45,334.65,345.16,37.17,TSLA,3.69,104.6,-64.47,138.94,231,100.0,100.0,0.0,500,4,20,False,False,0,0,False,0,,False,0,0.0,0.0,0.0,
2024-12-02,352.38,360.0,351.15,357.09,77.99,TSLA,3.46,105.62,-26.16,143.74,232,100.0,100.0,0.0,500,4,20,False,False,0,0,False,0,,False,0,0.0,0.0,0.0,
2024-12-03,351.8,355.69,348.2,351.42,58.27,TSLA,-1.59,105.09,-44.56,141.46,233,100.0,100.0,0.0,500,4,20,False,False,0,0,False,0,,False,0,0.0,0.0,0.0,
2024-12-04,353.0,358.1,348.6,357.93,50.81,TSLA,1.85,104.17,-51.22,144.08,234,100.0,100.0,0.0,500,4,20,False,False,0,0,False,0,,False,0,0.0,0.0,0.0,
2024-12-05,359.87,375.43,359.5,369.49,81.4,TSLA,3.23,99.98,-18.58,148.74,235,100.0,100.0,0.0,500,4,20,False,False,0,0,False,0,,False,0,0.0,0.0,0.0,
2024-12-06,377.42,389.49,370.8,389.22,81.46,TSLA,5.34,98.18,-17.04,156.68,236,100.0,100.0,0.0,500,4,20,False,False,0,0,False,0,,False,0,0.0,0.0,0.0,
2024-12-09,397.61,404.8,378.01,389.79,96.36,TSLA,0.15,92.76,3.88,156.91,237,100.0,100.0,0.0,500,4,20,False,False,0,0,False,0,,False,0,0.0,0.0,0.0,
2024-12-10,392.68,409.73,390.85,400.99,97.56,TSLA,2.87,87.11,11.99,161.42,238,100.0,100.0,0.0,500,4,20,False,False,0,0,False,0,,False,0,0.0,0.0,0.0,
2024-12-11,409.7,424.88,402.38,424.77,104.29,TSLA,5.93,84.54,23.36,170.99,239,100.0,100.0,0.0,500,4,20,False,False,0,0,False,0,,False,0,0.0,0.0,0.0,
2024-12-12,424.84,429.3,415.0,418.1,87.75,TSLA,-1.57,82.66,6.16,168.3,240,100.0,100.0,0.0,500,4,20,False,False,0,0,False,0,,False,0,0.0,0.0,0.0,
2024-12-13,420.0,436.3,415.71,436.23,89.0,TSLA,4.34,81.07,9.78,175.6,241,100.0,100.0,0.0,500,4,20,False,False,0,0,False,0,,False,0,0.0,0.0,0.0,
2024-12-16,441.09,463.19,436.15,463.02,114.08,TSLA,6.14,81.06,40.75,186.39,242,100.0,100.0,0.0,500,4,20,False,False,0,0,False,0,,False,0,0.0,0.0,0.0,
2024-12-17,475.9,483.99,457.51,479.86,131.22,TSLA,3.64,81.29,61.43,193.16,243,100.0,100.0,0.0,500,4,20,False,False,0,0,False,0,,False,0,0.0,0.0,0.0,
2024-12-18,466.5,488.54,427.01,440.13,149.34,TSLA,-8.28,84.31,77.12,177.17,244,100.0,100.0,0.0,500,4,20,False,False,0,0,False,0,,False,0,0.0,0.0,0.0,
2024-12-19,451.88,456.36,420.02,436.17,118.57,TSLA,-0.9,86.93,36.4,175.58,245,100.0,100.0,0.0,500,4,20,False,False,0,0,False,0,,False,0,0.0,0.0,0.0,
2024-12-20,425.51,447.08,417.64,421.06,132.22,TSLA,-3.46,90.64,45.88,169.5,246,100.0,100.0,0.0,500,4,20,False,False,0,0,False,0,,False,0,0.0,0.0,0.0,
2024-12-23,431.0,434.51,415.41,430.6,72.7,TSLA,2.27,89.81,-19.06,173.34,247,100.0,100.0,0.0,500,4,20,False,False,0,0,False,0,,False,0,0.0,0.0,0.0,
2024-12-24,435.9,462.78,435.14,462.28,59.55,TSLA,7.36,88.0,-32.32,186.09,248,100.0,100.0,0.0,500,4,20,False,False,0,0,False,0,,False,0,0.0,0.0,0.0,
2024-12-26,465.16,465.33,451.02,454.13,76.37,TSLA,-1.76,88.7,-13.9,182.81,249,100.0,100.0,0.0,500,4,20,False,False,0,0,False,0,,False,0,0.0,0.0,0.0,
2024-12-27,449.52,450.0,426.5,431.66,82.67,TSLA,-4.95,89.94,-8.09,173.76,250,100.0,100.0,0.0,500,4,20,False,False,0,0,False,0,,False,0,0.0,0.0,0.0,
2024-12-30,419.4,427.0,415.75,417.41,64.94,TSLA,-3.3,91.33,-28.89,168.03,251,100.0,100.0,0.0,500,4,20,False,False,0,0,False,0,,False,0,0.0,0.0,0.0,
