,ticker,first_close,last_close,first_date,last_date,total_days,volume_threshold(%),pct_threshold(%),holding_days,sell-waiting_days,strategy_max_drawdown(%),strategy_cagr%,strategy_calmar,final_account_value,total_trades,winners,win_rate(%),top_5_gainers(%),averge_max_return(%),averge_max_drawdown(%),top_5_losers(%),average_gain(%),average_loss(%),sell_hold_return(%),sell_hold_cagr%,sell_hold_max_drawdown(%),sell_hold_calmar
0,TSLA,108.1,417.41,2023-01-03,2024-12-30,727,20,-0.1,5,0,-50.01,-26.74,-0.53,53.8,19,13,68.42,"[-1.33, -3.18, -3.4, -3.41, -5.33]",2.6,-5.1,"[1.24, 1.72, 2.73, 5.51, 6.52]",-6.38,4.2,-74.1,-63.97,-88.12,-0.73
1,TSLA,108.1,417.41,2023-01-03,2024-12-30,727,20,-0.1,5,1,-43.71,-19.82,-0.45,64.4,19,10,52.63,"[-2.01, -2.47, -2.54, -3.26, -3.57]",2.47,-4.45,"[0.14, 0.47, 1.03, 1.54, 1.77]",-5.48,1.84,-74.1,-63.97,-88.12,-0.73
2,TSLA,108.1,417.41,2023-01-03,2024-12-30,727,20,-0.1,5,5,-53.84,-27.93,-0.52,52.08,15,10,66.67,"[-0.37, -0.63, -1.41, -2.69, -3.46]",3.8,-7.61,"[2.23, 2.25, 8.09, 11.18, 11.63]",-9.6,7.08,-74.1,-63.97,-88.12,-0.73
3,TSLA,108.1,417.41,2023-01-03,2024-12-30,727,20,-0.1,5,10,-26.21,-13.1,-0.5,75.6,13,7,53.85,"[-0.49, -5.74, -5.82, -6.75, -9.32]",2.91,-4.66,"[0.67, 1.54, 3.9, 5.39, 7.51]",-7.49,4.49,-74.1,-63.97,-88.12,-0.73
4,TSLA,108.1,417.41,2023-01-03,2024-12-30,727,20,-1,5,0,-50.01,-26.74,-0.53,53.8,19,13,68.42,"[-1.33, -3.18, -3.4, -3.41, -5.33]",2.6,-5.1,"[1.24, 1.72, 2.73, 5.51, 6.52]",-6.38,4.2,-74.1,-63.97,-88.12,-0.73
5,TSLA,108.1,417.41,2023-01-03,2024-12-30,727,20,-1,5,1,-43.71,-19.82,-0.45,64.4,19,10,52.63,"[-2.01, -2.47, -2.54, -3.26, -3.57]",2.47,-4.45,"[0.14, 0.47, 1.03, 1.54, 1.77]",-5.48,1.84,-74.1,-63.97,-88.12,-0.73
6,TSLA,108.1,417.41,2023-01-03,2024-12-30,727,20,-1,5,5,-53.84,-27.93,-0.52,52.08,15,10,66.67,"[-0.37, -0.63, -1.41, -2.69, -3.46]",3.8,-7.61,"[2.23, 2.25, 8.09, 11.18, 11.63]",-9.6,7.08,-74.1,-63.97,-88.12,-0.73
7,TSLA,108.1,417.41,2023-01-03,2024-12-30,727,20,-1,5,10,-26.21,-13.1,-0.5,75.6,13,7,53.85,"[-0.49, -5.74, -5.82, -6.75, -9.32]",2.91,-4.66,"[0.67, 1.54, 3.9, 5.39, 7.51]",-7.49,4.49,-74.1,-63.97,-88.12,-0.73
8,TSLA,108.1,417.41,2023-01-03,2024-12-30,727,20,-2,5,0,-39.18,-18.7,-0.48,66.21,17,11,64.71,"[-1.33, -3.18, -3.4, -3.41, -5.33]",2.82,-4.5,"[1.24, 1.72, 2.73, 5.51, 6.52]",-5.68,4.2,-74.1,-63.97,-88.12,-0.73
9,TSLA,108.1,417.41,2023-01-03,2024-12-30,727,20,-2,5,1,-33.59,-12.88,-0.38,75.99,17,8,47.06,"[-2.01, -2.47, -2.54, -3.57, -4.44]",2.73,-3.99,"[0.14, 0.47, 1.03, 1.54, 1.77]",-4.76,1.84,-74.1,-63.97,-88.12,-0.73
10,TSLA,108.1,417.41,2023-01-03,2024-12-30,727,20,-2,5,5,-52.19,-26.65,-0.51,53.94,14,9,64.29,"[-0.37, -0.63, -1.41, -3.46, -6.2]",4.07,-7.57,"[2.23, 2.25, 8.09, 11.18, 11.63]",-10.37,7.08,-74.1,-63.97,-88.12,-0.73
11,TSLA,108.1,417.41,2023-01-03,2024-12-30,727,20,-2,5,10,-17.93,-7.56,-0.42,85.52,12,6,50,"[-0.49, -5.74, -5.82, -6.75, -9.32]",3.16,-4.08,"[0.67, 1.54, 3.9, 5.39, 7.51]",-6.8,4.49,-74.1,-63.97,-88.12,-0.73
12,TSLA,108.1,417.41,2023-01-03,2024-12-30,727,20,-4,5,0,-38.17,-14.98,-0.39,72.38,14,9,64.29,"[-1.33, -3.18, -3.4, -3.41, -5.33]",2.82,-4.28,"[1.24, 1.72, 2.73, 5.51, 6.52]",-5.1,3.54,-74.1,-63.97,-88.12,-0.73
13,TSLA,108.1,417.41,2023-01-03,2024-12-30,727,20,-4,5,1,-24.37,-6.08,-0.25,88.26,14,6,42.86,"[-2.01, -2.47, -2.54, -3.57, -4.44]",2.86,-3.54,"[0.14, 0.47, 1.03, 1.54, 1.77]",-3.32,1.69,-74.1,-63.97,-88.12,-0.73
14,TSLA,108.1,417.41,2023-01-03,2024-12-30,727,20,-4,5,5,-28.11,-6.69,-0.24,87.12,12,7,58.33,"[-0.37, -0.63, -1.41, -3.46, -6.2]",4.75,-4.55,"[2.23, 2.25, 8.09, 11.18, 11.63]",-5.99,7.08,-74.1,-63.97,-88.12,-0.73
15,TSLA,108.1,417.41,2023-01-03,2024-12-30,727,20,-4,5,10,-10.13,-1.69,-0.17,96.67,11,5,45.45,"[-0.49, -5.74, -5.82, -6.75, -9.32]",3.44,-3.3,"[0.67, 1.54, 3.9, 5.39, 7.51]",-5.62,4.49,-74.1,-63.97,-88.12,-0.73
16,TSLA,108.1,417.41,2023-01-03,2024-12-30,727,20,-10,5,0,-10.84,-5.6,-0.52,89.16,2,2,100,"[-3.41, -7.44]",0,-6.19,[],-5.43,,-74.1,-63.97,-88.12,-0.73
17,TSLA,108.1,417.41,2023-01-03,2024-12-30,727,20,-10,5,1,-8.27,-1.14,-0.14,97.74,2,1,50,[-2.54],0.77,-4.96,[1.54],-2.54,1.54,-74.1,-63.97,-88.12,-0.73
18,TSLA,108.1,417.41,2023-01-03,2024-12-30,727,20,-10,5,5,-4.56,9.18,2.01,119.13,2,1,50,[-0.37],10.75,-0.18,[17.37],-0.37,17.37,-74.1,-63.97,-88.12,-0.73
19,TSLA,108.1,417.41,2023-01-03,2024-12-30,727,20,-10,5,10,-16.04,-5.67,-0.35,89.02,2,2,100,"[-5.02, -5.74]",1.46,-7.06,[],-5.38,,-74.1,-63.97,-88.12,-0.73
20,TSLA,108.1,417.41,2023-01-03,2024-12-30,727,50,-0.1,5,0,-21.66,-8.21,-0.38,84.31,6,5,83.33,"[-1.33, -3.18, -3.4, -3.41, -5.33]",2.54,-4.1,[1.72],-3.33,1.72,-74.1,-63.97,-88.12,-0.73
21,TSLA,108.1,417.41,2023-01-03,2024-12-30,727,50,-0.1,5,1,-15.6,-1.74,-0.11,96.57,6,2,33.33,"[-2.54, -3.57]",3.31,-3.28,"[0.14, 0.47, 1.03, 3.64]",-3.06,1.32,-74.1,-63.97,-88.12,-0.73
22,TSLA,108.1,417.41,2023-01-03,2024-12-30,727,50,-0.1,5,5,-26.05,-2.92,-0.11,94.26,6,3,50,"[-0.37, -0.63, -21.97]",5.17,-4.62,"[2.25, 8.09, 11.63]",-7.66,7.32,-74.1,-63.97,-88.12,-0.73
23,TSLA,108.1,417.41,2023-01-03,2024-12-30,727,50,-0.1,5,10,-17.31,-5.39,-0.31,89.55,5,3,60,"[-5.74, -5.82, -6.75]",2.71,-4.74,"[1.54, 7.51]",-6.1,4.53,-74.1,-63.97,-88.12,-0.73
24,TSLA,108.1,417.41,2023-01-03,2024-12-30,727,50,-1,5,0,-21.66,-8.21,-0.38,84.31,6,5,83.33,"[-1.33, -3.18, -3.4, -3.41, -5.33]",2.54,-4.1,[1.72],-3.33,1.72,-74.1,-63.97,-88.12,-0.73
25,TSLA,108.1,417.41,2023-01-03,2024-12-30,727,50,-1,5,1,-15.6,-1.74,-0.11,96.57,6,2,33.33,"[-2.54, -3.57]",3.31,-3.28,"[0.14, 0.47, 1.03, 3.64]",-3.06,1.32,-74.1,-63.97,-88.12,-0.73
26,TSLA,108.1,417.41,2023-01-03,2024-12-30,727,50,-1,5,5,-26.05,-2.92,-0.11,94.26,6,3,50,"[-0.37, -0.63, -21.97]",5.17,-4.62,"[2.25, 8.09, 11.63]",-7.66,7.32,-74.1,-63.97,-88.12,-0.73
27,TSLA,108.1,417.41,2023-01-03,2024-12-30,727,50,-1,5,10,-17.31,-5.39,-0.31,89.55,5,3,60,"[-5.74, -5.82, -6.75]",2.71,-4.74,"[1.54, 7.51]",-6.1,4.53,-74.1,-63.97,-88.12,-0.73
28,TSLA,108.1,417.41,2023-01-03,2024-12-30,727,50,-2,5,0,-21.66,-8.21,-0.38,84.31,6,5,83.33,"[-1.33, -3.18, -3.4, -3.41, -5.33]",2.54,-4.1,[1.72],-3.33,1.72,-74.1,-63.97,-88.12,-0.73
29,TSLA,108.1,417.41,2023-01-03,2024-12-30,727,50,-2,5,1,-15.6,-1.74,-0.11,96.57,6,2,33.33,"[-2.54, -3.57]",3.31,-3.28,"[0.14, 0.47, 1.03, 3.64]",-3.06,1.32,-74.1,-63.97,-88.12,-0.73
30,TSLA,108.1,417.41,2023-01-03,2024-12-30,727,50,-2,5,5,-26.05,-2.92,-0.11,94.26,6,3,50,"[-0.37, -0.63, -21.97]",5.17,-4.62,"[2.25, 8.09, 11.63]",-7.66,7.32,-74.1,-63.97,-88.12,-0.73
31,TSLA,108.1,417.41,2023-01-03,2024-12-30,727,50,-2,5,10,-17.31,-5.39,-0.31,89.55,5,3,60,"[-5.74, -5.82, -6.75]",2.71,-4.74,"[1.54, 7.51]",-6.1,4.53,-74.1,-63.97,-88.12,-0.73
32,TSLA,108.1,417.41,2023-01-03,2024-12-30,727,50,-4,5,0,-21.66,-8.21,-0.38,84.31,6,5,83.33,"[-1.33, -3.18, -3.4, -3.41, -5.33]",2.54,-4.1,[1.72],-3.33,1.72,-74.1,-63.97,-88.12,-0.73
33,TSLA,108.1,417.41,2023-01-03,2024-12-30,727,50,-4,5,1,-15.6,-1.74,-0.11,96.57,6,2,33.33,"[-2.54, -3.57]",3.31,-3.28,"[0.14, 0.47, 1.03, 3.64]",-3.06,1.32,-74.1,-63.97,-88.12,-0.73
34,TSLA,108.1,417.41,2023-01-03,2024-12-30,727,50,-4,5,5,-26.05,-2.92,-0.11,94.26,6,3,50,"[-0.37, -0.63, -21.97]",5.17,-4.62,"[2.25, 8.09, 11.63]",-7.66,7.32,-74.1,-63.97,-88.12,-0.73
35,TSLA,108.1,417.41,2023-01-03,2024-12-30,727,50,-4,5,10,-17.31,-5.39,-0.31,89.55,5,3,60,"[-5.74, -5.82, -6.75]",2.71,-4.74,"[1.54, 7.51]",-6.1,4.53,-74.1,-63.97,-88.12,-0.73
36,TSLA,108.1,417.41,2023-01-03,2024-12-30,727,50,-10,5,0,-4.85,-1.79,-0.37,96.47,1,1,100,[-3.41],0,-4.91,[],-3.41,,-74.1,-63.97,-88.12,-0.73
37,TSLA,108.1,417.41,2023-01-03,2024-12-30,727,50,-10,5,1,-4.52,-1.37,-0.3,97.29,1,1,100,[-2.54],0,-4.55,[],-2.54,,-74.1,-63.97,-88.12,-0.73
38,TSLA,108.1,417.41,2023-01-03,2024-12-30,727,50,-10,5,5,-4.56,-0.29,-0.06,99.42,1,1,100,[-0.37],4.13,-0.37,[],-0.37,,-74.1,-63.97,-88.12,-0.73
39,TSLA,108.1,417.41,2023-01-03,2024-12-30,727,50,-10,5,10,-8.61,-3.07,-0.36,93.98,1,1,100,[-5.74],2.92,-5.74,[],-5.74,,-74.1,-63.97,-88.12,-0.73
40,TSLA,108.1,417.41,2023-01-03,2024-12-30,727,100,-0.1,5,0,0,0,,100,0,0,0,[],0,0,[],,,-74.1,-63.97,-88.12,-0.73
41,TSLA,108.1,417.41,2023-01-03,2024-12-30,727,100,-0.1,5,1,0,0,,100,0,0,0,[],0,0,[],,,-74.1,-63.97,-88.12,-0.73
42,TSLA,108.1,417.41,2023-01-03,2024-12-30,727,100,-0.1,5,5,0,0,,100,0,0,0,[],0,0,[],,,-74.1,-63.97,-88.12,-0.73
43,TSLA,108.1,417.41,2023-01-03,2024-12-30,727,100,-0.1,5,10,0,0,,100,0,0,0,[],0,0,[],,,-74.1,-63.97,-88.12,-0.73
44,TSLA,108.1,417.41,2023-01-03,2024-12-30,727,100,-1,5,0,0,0,,100,0,0,0,[],0,0,[],,,-74.1,-63.97,-88.12,-0.73
45,TSLA,108.1,417.41,2023-01-03,2024-12-30,727,100,-1,5,1,0,0,,100,0,0,0,[],0,0,[],,,-74.1,-63.97,-88.12,-0.73
46,TSLA,108.1,417.41,2023-01-03,2024-12-30,727,100,-1,5,5,0,0,,100,0,0,0,[],0,0,[],,,-74.1,-63.97,-88.12,-0.73
47,TSLA,108.1,417.41,2023-01-03,2024-12-30,727,100,-1,5,10,0,0,,100,0,0,0,[],0,0,[],,,-74.1,-63.97,-88.12,-0.73
48,TSLA,108.1,417.41,2023-01-03,2024-12-30,727,100,-2,5,0,0,0,,100,0,0,0,[],0,0,[],,,-74.1,-63.97,-88.12,-0.73
49,TSLA,108.1,417.41,2023-01-03,2024-12-30,727,100,-2,5,1,0,0,,100,0,0,0,[],0,0,[],,,-74.1,-63.97,-88.12,-0.73
50,TSLA,108.1,417.41,2023-01-03,2024-12-30,727,100,-2,5,5,0,0,,100,0,0,0,[],0,0,[],,,-74.1,-63.97,-88.12,-0.73
51,TSLA,108.1,417.41,2023-01-03,2024-12-30,727,100,-2,5,10,0,0,,100,0,0,0,[],0,0,[],,,-74.1,-63.97,-88.12,-0.73
52,TSLA,108.1,417.41,2023-01-03,2024-12-30,727,100,-4,5,0,0,0,,100,0,0,0,[],0,0,[],,,-74.1,-63.97,-88.12,-0.73
53,TSLA,108.1,417.41,2023-01-03,2024-12-30,727,100,-4,5,1,0,0,,100,0,0,0,[],0,0,[],,,-74.1,-63.97,-88.12,-0.73
54,TSLA,108.1,417.41,2023-01-03,2024-12-30,727,100,-4,5,5,0,0,,100,0,0,0,[],0,0,[],,,-74.1,-63.97,-88.12,-0.73
55,TSLA,108.1,417.41,2023-01-03,2024-12-30,727,100,-4,5,10,0,0,,100,0,0,0,[],0,0,[],,,-74.1,-63.97,-88.12,-0.73
56,TSLA,108.1,417.41,2023-01-03,2024-12-30,727,100,-10,5,0,0,0,,100,0,0,0,[],0,0,[],,,-74.1,-63.97,-88.12,-0.73
57,TSLA,108.1,417.41,2023-01-03,2024-12-30,727,100,-10,5,1,0,0,,100,0,0,0,[],0,0,[],,,-74.1,-63.97,-88.12,-0.73
58,TSLA,108.1,417.41,2023-01-03,2024-12-30,727,100,-10,5,5,0,0,,100,0,0,0,[],0,0,[],,,-74.1,-63.97,-88.12,-0.73
59,TSLA,108.1,417.41,2023-01-03,2024-12-30,727,100,-10,5,10,0,0,,100,0,0,0,[],0,0,[],,,-74.1,-63.97,-88.12,-0.73
60,TSLA,108.1,417.41,2023-01-03,2024-12-30,727,200,-0.1,5,0,0,0,,100,0,0,0,[],0,0,[],,,-74.1,-63.97,-88.12,-0.73
61,TSLA,108.1,417.41,2023-01-03,2024-12-30,727,200,-0.1,5,1,0,0,,100,0,0,0,[],0,0,[],,,-74.1,-63.97,-88.12,-0.73
62,TSLA,108.1,417.41,2023-01-03,2024-12-30,727,200,-0.1,5,5,0,0,,100,0,0,0,[],0,0,[],,,-74.1,-63.97,-88.12,-0.73
63,TSLA,108.1,417.41,2023-01-03,2024-12-30,727,200,-0.1,5,10,0,0,,100,0,0,0,[],0,0,[],,,-74.1,-63.97,-88.12,-0.73
64,TSLA,108.1,417.41,2023-01-03,2024-12-30,727,200,-1,5,0,0,0,,100,0,0,0,[],0,0,[],,,-74.1,-63.97,-88.12,-0.73
65,TSLA,108.1,417.41,2023-01-03,2024-12-30,727,200,-1,5,1,0,0,,100,0,0,0,[],0,0,[],,,-74.1,-63.97,-88.12,-0.73
66,TSLA,108.1,417.41,2023-01-03,2024-12-30,727,200,-1,5,5,0,0,,100,0,0,0,[],0,0,[],,,-74.1,-63.97,-88.12,-0.73
67,TSLA,108.1,417.41,2023-01-03,2024-12-30,727,200,-1,5,10,0,0,,100,0,0,0,[],0,0,[],,,-74.1,-63.97,-88.12,-0.73
68,TSLA,108.1,417.41,2023-01-03,2024-12-30,727,200,-2,5,0,0,0,,100,0,0,0,[],0,0,[],,,-74.1,-63.97,-88.12,-0.73
69,TSLA,108.1,417.41,2023-01-03,2024-12-30,727,200,-2,5,1,0,0,,100,0,0,0,[],0,0,[],,,-74.1,-63.97,-88.12,-0.73
70,TSLA,108.1,417.41,2023-01-03,2024-12-30,727,200,-2,5,5,0,0,,100,0,0,0,[],0,0,[],,,-74.1,-63.97,-88.12,-0.73
71,TSLA,108.1,417.41,2023-01-03,2024-12-30,727,200,-2,5,10,0,0,,100,0,0,0,[],0,0,[],,,-74.1,-63.97,-88.12,-0.73
72,TSLA,108.1,417.41,2023-01-03,2024-12-30,727,200,-4,5,0,0,0,,100,0,0,0,[],0,0,[],,,-74.1,-63.97,-88.12,-0.73
73,TSLA,108.1,417.41,2023-01-03,2024-12-30,727,200,-4,5,1,0,0,,100,0,0,0,[],0,0,[],,,-74.1,-63.97,-88.12,-0.73
74,TSLA,108.1,417.41,2023-01-03,2024-12-30,727,200,-4,5,5,0,0,,100,0,0,0,[],0,0,[],,,-74.1,-63.97,-88.12,-0.73
75,TSLA,108.1,417.41,2023-01-03,2024-12-30,727,200,-4,5,10,0,0,,100,0,0,0,[],0,0,[],,,-74.1,-63.97,-88.12,-0.73
76,TSLA,108.1,417.41,2023-01-03,2024-12-30,727,200,-10,5,0,0,0,,100,0,0,0,[],0,0,[],,,-74.1,-63.97,-88.12,-0.73
77,TSLA,108.1,417.41,2023-01-03,2024-12-30,727,200,-10,5,1,0,0,,100,0,0,0,[],0,0,[],,,-74.1,-63.97,-88.12,-0.73
78,TSLA,108.1,417.41,2023-01-03,2024-12-30,727,200,-10,5,5,0,0,,100,0,0,0,[],0,0,[],,,-74.1,-63.97,-88.12,-0.73
79,TSLA,108.1,417.41,2023-01-03,2024-12-30,727,200,-10,5,10,0,0,,100,0,0,0,[],0,0,[],,,-74.1,-63.97,-88.12,-0.73
80,TSLA,108.1,417.41,2023-01-03,2024-12-30,727,500,-0.1,5,0,0,0,,100,0,0,0,[],0,0,[],,,-74.1,-63.97,-88.12,-0.73
81,TSLA,108.1,417.41,2023-01-03,2024-12-30,727,500,-0.1,5,1,0,0,,100,0,0,0,[],0,0,[],,,-74.1,-63.97,-88.12,-0.73
82,TSLA,108.1,417.41,2023-01-03,2024-12-30,727,500,-0.1,5,5,0,0,,100,0,0,0,[],0,0,[],,,-74.1,-63.97,-88.12,-0.73
83,TSLA,108.1,417.41,2023-01-03,2024-12-30,727,500,-0.1,5,10,0,0,,100,0,0,0,[],0,0,[],,,-74.1,-63.97,-88.12,-0.73
84,TSLA,108.1,417.41,2023-01-03,2024-12-30,727,500,-1,5,0,0,0,,100,0,0,0,[],0,0,[],,,-74.1,-63.97,-88.12,-0.73
85,TSLA,108.1,417.41,2023-01-03,2024-12-30,727,500,-1,5,1,0,0,,100,0,0,0,[],0,0,[],,,-74.1,-63.97,-88.12,-0.73
86,TSLA,108.1,417.41,2023-01-03,2024-12-30,727,500,-1,5,5,0,0,,100,0,0,0,[],0,0,[],,,-74.1,-63.97,-88.12,-0.73
87,TSLA,108.1,417.41,2023-01-03,2024-12-30,727,500,-1,5,10,0,0,,100,0,0,0,[],0,0,[],,,-74.1,-63.97,-88.12,-0.73
88,TSLA,108.1,417.41,2023-01-03,2024-12-30,727,500,-2,5,0,0,0,,100,0,0,0,[],0,0,[],,,-74.1,-63.97,-88.12,-0.73
89,TSLA,108.1,417.41,2023-01-03,2024-12-30,727,500,-2,5,1,0,0,,100,0,0,0,[],0,0,[],,,-74.1,-63.97,-88.12,-0.73
90,TSLA,108.1,417.41,2023-01-03,2024-12-30,727,500,-2,5,5,0,0,,100,0,0,0,[],0,0,[],,,-74.1,-63.97,-88.12,-0.73
91,TSLA,108.1,417.41,2023-01-03,2024-12-30,727,500,-2,5,10,0,0,,100,0,0,0,[],0,0,[],,,-74.1,-63.97,-88.12,-0.73
92,TSLA,108.1,417.41,2023-01-03,2024-12-30,727,500,-4,5,0,0,0,,100,0,0,0,[],0,0,[],,,-74.1,-63.97,-88.12,-0.73
93,TSLA,108.1,417.41,2023-01-03,2024-12-30,727,500,-4,5,1,0,0,,100,0,0,0,[],0,0,[],,,-74.1,-63.97,-88.12,-0.73
94,TSLA,108.1,417.41,2023-01-03,2024-12-30,727,500,-4,5,5,0,0,,100,0,0,0,[],0,0,[],,,-74.1,-63.97,-88.12,-0.73
95,TSLA,108.1,417.41,2023-01-03,2024-12-30,727,500,-4,5,10,0,0,,100,0,0,0,[],0,0,[],,,-74.1,-63.97,-88.12,-0.73
96,TSLA,108.1,417.41,2023-01-03,2024-12-30,727,500,-10,5,0,0,0,,100,0,0,0,[],0,0,[],,,-74.1,-63.97,-88.12,-0.73
97,TSLA,108.1,417.41,2023-01-03,2024-12-30,727,500,-10,5,1,0,0,,100,0,0,0,[],0,0,[],,,-74.1,-63.97,-88.12,-0.73
98,TSLA,108.1,417.41,2023-01-03,2024-12-30,727,500,-10,5,5,0,0,,100,0,0,0,[],0,0,[],,,-74.1,-63.97,-88.12,-0.73
99,TSLA,108.1,417.41,2023-01-03,2024-12-30,727,500,-10,5,10,0,0,,100,0,0,0,[],0,0,[],,,-74.1,-63.97,-88.12,-0.73
100,TSLA,108.1,417.41,2023-01-03,2024-12-30,727,20,-0.1,10,0,-66.4,-37.51,-0.56,39.2,15,8,53.33,"[-2.97, -3.79, -6.58, -13.06, -13.7]",5.19,-9.99,"[0.73, 1.1, 1.36, 5.16, 5.71]",-14,4.33,-74.1,-63.97,-88.12,-0.73
101,TSLA,108.1,417.41,2023-01-03,2024-12-30,727,20,-0.1,10,1,-55.87,-27.88,-0.5,52.16,14,9,64.29,"[-0.8, -3.02, -3.71, -3.76, -5.63]",5.01,-8.2,"[2.37, 4.3, 5.21, 7.68, 11.45]",-9.35,6.2,-74.1,-63.97,-88.12,-0.73
102,TSLA,108.1,417.41,2023-01-03,2024-12-30,727,20,-0.1,10,5,-47.5,-23.27,-0.49,59,14,9,64.29,"[-2.05, -3.45, -6.14, -7.42, -8.45]",5.12,-7.95,"[2.89, 4.06, 8.09, 12.99, 18.2]",-9.88,9.25,-74.1,-63.97,-88.12,-0.73
103,TSLA,108.1,417.41,2023-01-03,2024-12-30,727,20,-0.1,10,10,-61.12,-37.76,-0.62,38.88,12,9,75,"[-1.27, -4.97, -6.9, -8.27, -9.73]",4.51,-13.08,"[4.13, 9.72, 15.46]",-13.01,9.77,-74.1,-63.97,-88.12,-0.73
104,TSLA,108.1,417.41,2023-01-03,2024-12-30,727,20,-1,10,0,-66.4,-37.51,-0.56,39.2,15,8,53.33,"[-2.97, -3.79, -6.58, -13.06, -13.7]",5.19,-9.99,"[0.73, 1.1, 1.36, 5.16, 5.71]",-14,4.33,-74.1,-63.97,-88.12,-0.73
105,TSLA,108.1,417.41,2023-01-03,2024-12-30,727,20,-1,10,1,-55.87,-27.88,-0.5,52.16,14,9,64.29,"[-0.8, -3.02, -3.71, -3.76, -5.63]",5.01,-8.2,"[2.37, 4.3, 5.21, 7.68, 11.45]",-9.35,6.2,-74.1,-63.97,-88.12,-0.73
106,TSLA,108.1,417.41,2023-01-03,2024-12-30,727,20,-1,10,5,-47.5,-23.27,-0.49,59,14,9,64.29,"[-2.05, -3.45, -6.14, -7.42, -8.45]",5.12,-7.95,"[2.89, 4.06, 8.09, 12.99, 18.2]",-9.88,9.25,-74.1,-63.97,-88.12,-0.73
107,TSLA,108.1,417.41,2023-01-03,2024-12-30,727,20,-1,10,10,-61.12,-37.76,-0.62,38.88,12,9,75,"[-1.27, -4.97, -6.9, -8.27, -9.73]",4.51,-13.08,"[4.13, 9.72, 15.46]",-13.01,9.77,-74.1,-63.97,-88.12,-0.73
108,TSLA,108.1,417.41,2023-01-03,2024-12-30,727,20,-2,10,0,-61.16,-32.79,-0.54,45.31,14,7,50,"[-2.97, -3.79, -6.58, -13.06, -15.0]",5.56,-9.29,"[0.73, 1.1, 1.36, 5.16, 5.71]",-14.05,4.33,-74.1,-63.97,-88.12,-0.73
109,TSLA,108.1,417.41,2023-01-03,2024-12-30,727,20,-2,10,1,-50.41,-23.53,-0.47,58.61,13,8,61.54,"[-0.8, -3.02, -3.71, -3.76, -5.63]",5.35,-7.94,"[2.37, 4.3, 5.21, 7.68, 11.45]",-9.15,6.2,-74.1,-63.97,-88.12,-0.73
110,TSLA,108.1,417.41,2023-01-03,2024-12-30,727,20,-2,10,5,-38.49,-16.93,-0.44,69.12,13,8,61.54,"[-2.05, -3.45, -6.14, -7.42, -8.45]",5.52,-7.43,"[2.89, 4.06, 8.09, 12.99, 18.2]",-9.28,9.25,-74.1,-63.97,-88.12,-0.73
111,TSLA,108.1,417.41,2023-01-03,2024-12-30,727,20,-2,10,10,-55,-33.03,-0.6,45,10,7,70,"[-1.27, -4.97, -6.9, -9.73, -19.33]",4.36,-12.82,"[4.13, 4.93, 9.72]",-13,6.26,-74.1,-63.97,-88.12,-0.73
112,TSLA,108.1,417.41,2023-01-03,2024-12-30,727,20,-4,10,0,-40.03,-14.66,-0.37,72.92,12,5,41.67,"[-2.97, -3.79, -6.58, -13.06, -23.6]",5.78,-6.81,"[0.73, 1.1, 1.36, 5.16, 5.71]",-10,4.33,-74.1,-63.97,-88.12,-0.73
113,TSLA,108.1,417.41,2023-01-03,2024-12-30,727,20,-4,10,1,-39.46,-15.47,-0.39,71.55,12,7,58.33,"[-0.8, -3.02, -3.71, -3.76, -5.63]",5.8,-6.85,"[2.37, 4.3, 5.21, 7.68, 11.45]",-7.47,6.2,-74.1,-63.97,-88.12,-0.73
114,TSLA,108.1,417.41,2023-01-03,2024-12-30,727,20,-4,10,5,-32.81,-8.26,-0.25,84.22,12,7,58.33,"[-2.05, -3.45, -6.14, -7.42, -8.45]",5.98,-6.32,"[2.89, 4.06, 8.09, 12.99, 18.2]",-7.63,9.25,-74.1,-63.97,-88.12,-0.73
115,TSLA,108.1,417.41,2023-01-03,2024-12-30,727,20,-4,10,10,-42.31,-23.89,-0.56,58.05,9,6,66.67,"[-1.27, -4.97, -6.9, -9.73, -19.33]",4.47,-10.7,"[4.13, 4.93, 9.72]",-11.3,6.26,-74.1,-63.97,-88.12,-0.73
116,TSLA,108.1,417.41,2023-01-03,2024-12-30,727,20,-10,10,0,-11.79,3.07,0.26,106.22,2,1,50,[-3.79],6.04,-6.19,[11.22],-3.79,11.22,-74.1,-63.97,-88.12,-0.73
117,TSLA,108.1,417.41,2023-01-03,2024-12-30,727,20,-10,10,1,-11.92,1.24,0.1,102.49,2,1,50,[-5.63],7.07,-5.5,[9.72],-5.63,9.72,-74.1,-63.97,-88.12,-0.73
118,TSLA,108.1,417.41,2023-01-03,2024-12-30,727,20,-10,10,5,-10.31,2.99,0.29,106.05,2,1,50,[-6.14],10.75,-3.07,[13.22],-6.14,13.22,-74.1,-63.97,-88.12,-0.73
119,TSLA,108.1,417.41,2023-01-03,2024-12-30,727,20,-10,10,10,-19.05,-8.8,-0.46,83.24,2,2,100,"[-1.27, -16.43]",1.46,-11.09,[],-8.85,,-74.1,-63.97,-88.12,-0.73
120,TSLA,108.1,417.41,2023-01-03,2024-12-30,727,50,-0.1,10,0,-31.88,-10.89,-0.34,79.47,6,3,50,"[-2.97, -3.79, -23.6]",4.88,-8.1,"[1.1, 5.16, 8.62]",-10.12,4.96,-74.1,-63.97,-88.12,-0.73
121,TSLA,108.1,417.41,2023-01-03,2024-12-30,727,50,-0.1,10,1,-31.84,-10.28,-0.32,80.56,6,4,66.67,"[-0.8, -3.02, -5.63, -19.78]",5.61,-7.93,"[4.3, 11.45]",-7.31,7.88,-74.1,-63.97,-88.12,-0.73
122,TSLA,108.1,417.41,2023-01-03,2024-12-30,727,50,-0.1,10,5,-24.87,-8.15,-0.33,84.42,6,4,66.67,"[-3.45, -6.14, -7.42, -12.81]",5.42,-6.65,"[8.09, 12.99]",-7.46,10.54,-74.1,-63.97,-88.12,-0.73
123,TSLA,108.1,417.41,2023-01-03,2024-12-30,727,50,-0.1,10,10,-42.31,-21.63,-0.51,61.55,5,4,80,"[-1.27, -9.73, -19.33, -25.59]",5.45,-13.15,[9.72],-13.98,9.72,-74.1,-63.97,-88.12,-0.73
124,TSLA,108.1,417.41,2023-01-03,2024-12-30,727,50,-1,10,0,-31.88,-10.89,-0.34,79.47,6,3,50,"[-2.97, -3.79, -23.6]",4.88,-8.1,"[1.1, 5.16, 8.62]",-10.12,4.96,-74.1,-63.97,-88.12,-0.73
125,TSLA,108.1,417.41,2023-01-03,2024-12-30,727,50,-1,10,1,-31.84,-10.28,-0.32,80.56,6,4,66.67,"[-0.8, -3.02, -5.63, -19.78]",5.61,-7.93,"[4.3, 11.45]",-7.31,7.88,-74.1,-63.97,-88.12,-0.73
126,TSLA,108.1,417.41,2023-01-03,2024-12-30,727,50,-1,10,5,-24.87,-8.15,-0.33,84.42,6,4,66.67,"[-3.45, -6.14, -7.42, -12.81]",5.42,-6.65,"[8.09, 12.99]",-7.46,10.54,-74.1,-63.97,-88.12,-0.73
127,TSLA,108.1,417.41,2023-01-03,2024-12-30,727,50,-1,10,10,-42.31,-21.63,-0.51,61.55,5,4,80,"[-1.27, -9.73, -19.33, -25.59]",5.45,-13.15,[9.72],-13.98,9.72,-74.1,-63.97,-88.12,-0.73
128,TSLA,108.1,417.41,2023-01-03,2024-12-30,727,50,-2,10,0,-31.88,-10.89,-0.34,79.47,6,3,50,"[-2.97, -3.79, -23.6]",4.88,-8.1,"[1.1, 5.16, 8.62]",-10.12,4.96,-74.1,-63.97,-88.12,-0.73
129,TSLA,108.1,417.41,2023-01-03,2024-12-30,727,50,-2,10,1,-31.84,-10.28,-0.32,80.56,6,4,66.67,"[-0.8, -3.02, -5.63, -19.78]",5.61,-7.93,"[4.3, 11.45]",-7.31,7.88,-74.1,-63.97,-88.12,-0.73
130,TSLA,108.1,417.41,2023-01-03,2024-12-30,727,50,-2,10,5,-24.87,-8.15,-0.33,84.42,6,4,66.67,"[-3.45, -6.14, -7.42, -12.81]",5.42,-6.65,"[8.09, 12.99]",-7.46,10.54,-74.1,-63.97,-88.12,-0.73
131,TSLA,108.1,417.41,2023-01-03,2024-12-30,727,50,-2,10,10,-42.31,-21.63,-0.51,61.55,5,4,80,"[-1.27, -9.73, -19.33, -25.59]",5.45,-13.15,[9.72],-13.98,9.72,-74.1,-63.97,-88.12,-0.73
132,TSLA,108.1,417.41,2023-01-03,2024-12-30,727,50,-4,10,0,-31.88,-10.89,-0.34,79.47,6,3,50,"[-2.97, -3.79, -23.6]",4.88,-8.1,"[1.1, 5.16, 8.62]",-10.12,4.96,-74.1,-63.97,-88.12,-0.73
133,TSLA,108.1,417.41,2023-01-03,2024-12-30,727,50,-4,10,1,-31.84,-10.28,-0.32,80.56,6,4,66.67,"[-0.8, -3.02, -5.63, -19.78]",5.61,-7.93,"[4.3, 11.45]",-7.31,7.88,-74.1,-63.97,-88.12,-0.73
134,TSLA,108.1,417.41,2023-01-03,2024-12-30,727,50,-4,10,5,-24.87,-8.15,-0.33,84.42,6,4,66.67,"[-3.45, -6.14, -7.42, -12.81]",5.42,-6.65,"[8.09, 12.99]",-7.46,10.54,-74.1,-63.97,-88.12,-0.73
135,TSLA,108.1,417.41,2023-01-03,2024-12-30,727,50,-4,10,10,-42.31,-21.63,-0.51,61.55,5,4,80,"[-1.27, -9.73, -19.33, -25.59]",5.45,-13.15,[9.72],-13.98,9.72,-74.1,-63.97,-88.12,-0.73
136,TSLA,108.1,417.41,2023-01-03,2024-12-30,727,50,-10,10,0,-4.85,-2.07,-0.43,95.91,1,1,100,[-3.79],0.86,-4.91,[],-3.79,,-74.1,-63.97,-88.12,-0.73
137,TSLA,108.1,417.41,2023-01-03,2024-12-30,727,50,-10,10,1,-6.58,-2.95,-0.45,94.2,1,1,100,[-5.63],1.2,-5.63,[],-5.63,,-74.1,-63.97,-88.12,-0.73
138,TSLA,108.1,417.41,2023-01-03,2024-12-30,727,50,-10,10,5,-10.31,-3.35,-0.33,93.43,1,1,100,[-6.14],4.13,-6.14,[],-6.14,,-74.1,-63.97,-88.12,-0.73
139,TSLA,108.1,417.41,2023-01-03,2024-12-30,727,50,-10,10,10,-8.61,-1.04,-0.12,97.94,1,1,100,[-1.27],2.92,-5.74,[],-1.27,,-74.1,-63.97,-88.12,-0.73
140,TSLA,108.1,417.41,2023-01-03,2024-12-30,727,100,-0.1,10,0,0,0,,100,0,0,0,[],0,0,[],,,-74.1,-63.97,-88.12,-0.73
141,TSLA,108.1,417.41,2023-01-03,2024-12-30,727,100,-0.1,10,1,0,0,,100,0,0,0,[],0,0,[],,,-74.1,-63.97,-88.12,-0.73
142,TSLA,108.1,417.41,2023-01-03,2024-12-30,727,100,-0.1,10,5,0,0,,100,0,0,0,[],0,0,[],,,-74.1,-63.97,-88.12,-0.73
143,TSLA,108.1,417.41,2023-01-03,2024-12-30,727,100,-0.1,10,10,0,0,,100,0,0,0,[],0,0,[],,,-74.1,-63.97,-88.12,-0.73
144,TSLA,108.1,417.41,2023-01-03,2024-12-30,727,100,-1,10,0,0,0,,100,0,0,0,[],0,0,[],,,-74.1,-63.97,-88.12,-0.73
145,TSLA,108.1,417.41,2023-01-03,2024-12-30,727,100,-1,10,1,0,0,,100,0,0,0,[],0,0,[],,,-74.1,-63.97,-88.12,-0.73
146,TSLA,108.1,417.41,2023-01-03,2024-12-30,727,100,-1,10,5,0,0,,100,0,0,0,[],0,0,[],,,-74.1,-63.97,-88.12,-0.73
147,TSLA,108.1,417.41,2023-01-03,2024-12-30,727,100,-1,10,10,0,0,,100,0,0,0,[],0,0,[],,,-74.1,-63.97,-88.12,-0.73
148,TSLA,108.1,417.41,2023-01-03,2024-12-30,727,100,-2,10,0,0,0,,100,0,0,0,[],0,0,[],,,-74.1,-63.97,-88.12,-0.73
149,TSLA,108.1,417.41,2023-01-03,2024-12-30,727,100,-2,10,1,0,0,,100,0,0,0,[],0,0,[],,,-74.1,-63.97,-88.12,-0.73
150,TSLA,108.1,417.41,2023-01-03,2024-12-30,727,100,-2,10,5,0,0,,100,0,0,0,[],0,0,[],,,-74.1,-63.97,-88.12,-0.73
151,TSLA,108.1,417.41,2023-01-03,2024-12-30,727,100,-2,10,10,0,0,,100,0,0,0,[],0,0,[],,,-74.1,-63.97,-88.12,-0.73
152,TSLA,108.1,417.41,2023-01-03,2024-12-30,727,100,-4,10,0,0,0,,100,0,0,0,[],0,0,[],,,-74.1,-63.97,-88.12,-0.73
153,TSLA,108.1,417.41,2023-01-03,2024-12-30,727,100,-4,10,1,0,0,,100,0,0,0,[],0,0,[],,,-74.1,-63.97,-88.12,-0.73
154,TSLA,108.1,417.41,2023-01-03,2024-12-30,727,100,-4,10,5,0,0,,100,0,0,0,[],0,0,[],,,-74.1,-63.97,-88.12,-0.73
155,TSLA,108.1,417.41,2023-01-03,2024-12-30,727,100,-4,10,10,0,0,,100,0,0,0,[],0,0,[],,,-74.1,-63.97,-88.12,-0.73
156,TSLA,108.1,417.41,2023-01-03,2024-12-30,727,100,-10,10,0,0,0,,100,0,0,0,[],0,0,[],,,-74.1,-63.97,-88.12,-0.73
157,TSLA,108.1,417.41,2023-01-03,2024-12-30,727,100,-10,10,1,0,0,,100,0,0,0,[],0,0,[],,,-74.1,-63.97,-88.12,-0.73
158,TSLA,108.1,417.41,2023-01-03,2024-12-30,727,100,-10,10,5,0,0,,100,0,0,0,[],0,0,[],,,-74.1,-63.97,-88.12,-0.73
159,TSLA,108.1,417.41,2023-01-03,2024-12-30,727,100,-10,10,10,0,0,,100,0,0,0,[],0,0,[],,,-74.1,-63.97,-88.12,-0.73
160,TSLA,108.1,417.41,2023-01-03,2024-12-30,727,200,-0.1,10,0,0,0,,100,0,0,0,[],0,0,[],,,-74.1,-63.97,-88.12,-0.73
161,TSLA,108.1,417.41,2023-01-03,2024-12-30,727,200,-0.1,10,1,0,0,,100,0,0,0,[],0,0,[],,,-74.1,-63.97,-88.12,-0.73
162,TSLA,108.1,417.41,2023-01-03,2024-12-30,727,200,-0.1,10,5,0,0,,100,0,0,0,[],0,0,[],,,-74.1,-63.97,-88.12,-0.73
163,TSLA,108.1,417.41,2023-01-03,2024-12-30,727,200,-0.1,10,10,0,0,,100,0,0,0,[],0,0,[],,,-74.1,-63.97,-88.12,-0.73
164,TSLA,108.1,417.41,2023-01-03,2024-12-30,727,200,-1,10,0,0,0,,100,0,0,0,[],0,0,[],,,-74.1,-63.97,-88.12,-0.73
165,TSLA,108.1,417.41,2023-01-03,2024-12-30,727,200,-1,10,1,0,0,,100,0,0,0,[],0,0,[],,,-74.1,-63.97,-88.12,-0.73
166,TSLA,108.1,417.41,2023-01-03,2024-12-30,727,200,-1,10,5,0,0,,100,0,0,0,[],0,0,[],,,-74.1,-63.97,-88.12,-0.73
167,TSLA,108.1,417.41,2023-01-03,2024-12-30,727,200,-1,10,10,0,0,,100,0,0,0,[],0,0,[],,,-74.1,-63.97,-88.12,-0.73
168,TSLA,108.1,417.41,2023-01-03,2024-12-30,727,200,-2,10,0,0,0,,100,0,0,0,[],0,0,[],,,-74.1,-63.97,-88.12,-0.73
169,TSLA,108.1,417.41,2023-01-03,2024-12-30,727,200,-2,10,1,0,0,,100,0,0,0,[],0,0,[],,,-74.1,-63.97,-88.12,-0.73
170,TSLA,108.1,417.41,2023-01-03,2024-12-30,727,200,-2,10,5,0,0,,100,0,0,0,[],0,0,[],,,-74.1,-63.97,-88.12,-0.73
171,TSLA,108.1,417.41,2023-01-03,2024-12-30,727,200,-2,10,10,0,0,,100,0,0,0,[],0,0,[],,,-74.1,-63.97,-88.12,-0.73
172,TSLA,108.1,417.41,2023-01-03,2024-12-30,727,200,-4,10,0,0,0,,100,0,0,0,[],0,0,[],,,-74.1,-63.97,-88.12,-0.73
173,TSLA,108.1,417.41,2023-01-03,2024-12-30,727,200,-4,10,1,0,0,,100,0,0,0,[],0,0,[],,,-74.1,-63.97,-88.12,-0.73
174,TSLA,108.1,417.41,2023-01-03,2024-12-30,727,200,-4,10,5,0,0,,100,0,0,0,[],0,0,[],,,-74.1,-63.97,-88.12,-0.73
175,TSLA,108.1,417.41,2023-01-03,2024-12-30,727,200,-4,10,10,0,0,,100,0,0,0,[],0,0,[],,,-74.1,-63.97,-88.12,-0.73
176,TSLA,108.1,417.41,2023-01-03,2024-12-30,727,200,-10,10,0,0,0,,100,0,0,0,[],0,0,[],,,-74.1,-63.97,-88.12,-0.73
177,TSLA,108.1,417.41,2023-01-03,2024-12-30,727,200,-10,10,1,0,0,,100,0,0,0,[],0,0,[],,,-74.1,-63.97,-88.12,-0.73
178,TSLA,108.1,417.41,2023-01-03,2024-12-30,727,200,-10,10,5,0,0,,100,0,0,0,[],0,0,[],,,-74.1,-63.97,-88.12,-0.73
179,TSLA,108.1,417.41,2023-01-03,2024-12-30,727,200,-10,10,10,0,0,,100,0,0,0,[],0,0,[],,,-74.1,-63.97,-88.12,-0.73
180,TSLA,108.1,417.41,2023-01-03,2024-12-30,727,500,-0.1,10,0,0,0,,100,0,0,0,[],0,0,[],,,-74.1,-63.97,-88.12,-0.73
181,TSLA,108.1,417.41,2023-01-03,2024-12-30,727,500,-0.1,10,1,0,0,,100,0,0,0,[],0,0,[],,,-74.1,-63.97,-88.12,-0.73
182,TSLA,108.1,417.41,2023-01-03,2024-12-30,727,500,-0.1,10,5,0,0,,100,0,0,0,[],0,0,[],,,-74.1,-63.97,-88.12,-0.73
183,TSLA,108.1,417.41,2023-01-03,2024-12-30,727,500,-0.1,10,10,0,0,,100,0,0,0,[],0,0,[],,,-74.1,-63.97,-88.12,-0.73
184,TSLA,108.1,417.41,2023-01-03,2024-12-30,727,500,-1,10,0,0,0,,100,0,0,0,[],0,0,[],,,-74.1,-63.97,-88.12,-0.73
185,TSLA,108.1,417.41,2023-01-03,2024-12-30,727,500,-1,10,1,0,0,,100,0,0,0,[],0,0,[],,,-74.1,-63.97,-88.12,-0.73
186,TSLA,108.1,417.41,2023-01-03,2024-12-30,727,500,-1,10,5,0,0,,100,0,0,0,[],0,0,[],,,-74.1,-63.97,-88.12,-0.73
187,TSLA,108.1,417.41,2023-01-03,2024-12-30,727,500,-1,10,10,0,0,,100,0,0,0,[],0,0,[],,,-74.1,-63.97,-88.12,-0.73
188,TSLA,108.1,417.41,2023-01-03,2024-12-30,727,500,-2,10,0,0,0,,100,0,0,0,[],0,0,[],,,-74.1,-63.97,-88.12,-0.73
189,TSLA,108.1,417.41,2023-01-03,2024-12-30,727,500,-2,10,1,0,0,,100,0,0,0,[],0,0,[],,,-74.1,-63.97,-88.12,-0.73
190,TSLA,108.1,417.41,2023-01-03,2024-12-30,727,500,-2,10,5,0,0,,100,0,0,0,[],0,0,[],,,-74.1,-63.97,-88.12,-0.73
191,TSLA,108.1,417.41,2023-01-03,2024-12-30,727,500,-2,10,10,0,0,,100,0,0,0,[],0,0,[],,,-74.1,-63.97,-88.12,-0.73
192,TSLA,108.1,417.41,2023-01-03,2024-12-30,727,500,-4,10,0,0,0,,100,0,0,0,[],0,0,[],,,-74.1,-63.97,-88.12,-0.73
193,TSLA,108.1,417.41,2023-01-03,2024-12-30,727,500,-4,10,1,0,0,,100,0,0,0,[],0,0,[],,,-74.1,-63.97,-88.12,-0.73
194,TSLA,108.1,417.41,2023-01-03,2024-12-30,727,500,-4,10,5,0,0,,100,0,0,0,[],0,0,[],,,-74.1,-63.97,-88.12,-0.73
195,TSLA,108.1,417.41,2023-01-03,2024-12-30,727,500,-4,10,10,0,0,,100,0,0,0,[],0,0,[],,,-74.1,-63.97,-88.12,-0.73
196,TSLA,108.1,417.41,2023-01-03,2024-12-30,727,500,-10,10,0,0,0,,100,0,0,0,[],0,0,[],,,-74.1,-63.97,-88.12,-0.73
197,TSLA,108.1,417.41,2023-01-03,2024-12-30,727,500,-10,10,1,0,0,,100,0,0,0,[],0,0,[],,,-74.1,-63.97,-88.12,-0.73
198,TSLA,108.1,417.41,2023-01-03,2024-12-30,727,500,-10,10,5,0,0,,100,0,0,0,[],0,0,[],,,-74.1,-63.97,-88.12,-0.73
199,TSLA,108.1,417.41,2023-01-03,2024-12-30,727,500,-10,10,10,0,0,,100,0,0,0,[],0,0,[],,,-74.1,-63.97,-88.12,-0.73
200,TSLA,108.1,417.41,2023-01-03,2024-12-30,727,20,-0.1,15,0,-64.73,-35.96,-0.56,41.16,14,8,57.14,"[-5.58, -7.11, -8.96, -9.76, -14.32]",5.99,-11.27,"[4.6, 5.16, 6.68, 8.24, 10.03]",-15.73,7.98,-74.1,-63.97,-88.12,-0.73
201,TSLA,108.1,417.41,2023-01-03,2024-12-30,727,20,-0.1,15,1,-68.06,-38.68,-0.57,37.75,14,9,64.29,"[-1.25, -1.76, -6.34, -9.11, -10.8]",6.14,-11.32,"[1.7, 3.71, 4.3, 6.68, 16.34]",-13.08,6.55,-74.1,-63.97,-88.12,-0.73
202,TSLA,108.1,417.41,2023-01-03,2024-12-30,727,20,-0.1,15,5,-69.35,-42.49,-0.61,33.23,13,9,69.23,"[-1.65, -5.93, -8.59, -10.43, -11.19]",6.74,-14.38,"[6.27, 8.09, 14.27, 20.22]",-16.6,12.21,-74.1,-63.97,-88.12,-0.73
203,TSLA,108.1,417.41,2023-01-03,2024-12-30,727,20,-0.1,15,10,-32.5,-11.59,-0.36,78.24,9,6,66.67,"[-0.41, -0.81, -1.77, -6.9, -7.75]",5.79,-8.29,"[2.77, 7.53, 8.58]",-5.35,6.29,-74.1,-63.97,-88.12,-0.73
204,TSLA,108.1,417.41,2023-01-03,2024-12-30,727,20,-1,15,0,-64.73,-35.96,-0.56,41.16,14,8,57.14,"[-5.58, -7.11, -8.96, -9.76, -14.32]",5.99,-11.27,"[4.6, 5.16, 6.68, 8.24, 10.03]",-15.73,7.98,-74.1,-63.97,-88.12,-0.73
205,TSLA,108.1,417.41,2023-01-03,2024-12-30,727,20,-1,15,1,-68.06,-38.68,-0.57,37.75,14,9,64.29,"[-1.25, -1.76, -6.34, -9.11, -10.8]",6.14,-11.32,"[1.7, 3.71, 4.3, 6.68, 16.34]",-13.08,6.55,-74.1,-63.97,-88.12,-0.73
206,TSLA,108.1,417.41,2023-01-03,2024-12-30,727,20,-1,15,5,-69.35,-42.49,-0.61,33.23,13,9,69.23,"[-1.65, -5.93, -8.59, -10.43, -11.19]",6.74,-14.38,"[6.27, 8.09, 14.27, 20.22]",-16.6,12.21,-74.1,-63.97,-88.12,-0.73
207,TSLA,108.1,417.41,2023-01-03,2024-12-30,727,20,-1,15,10,-32.5,-11.59,-0.36,78.24,9,6,66.67,"[-0.41, -0.81, -1.77, -6.9, -7.75]",5.79,-8.29,"[2.77, 7.53, 8.58]",-5.35,6.29,-74.1,-63.97,-88.12,-0.73
208,TSLA,108.1,417.41,2023-01-03,2024-12-30,727,20,-2,15,0,-53.88,-26.74,-0.5,53.8,13,7,53.85,"[-5.58, -7.11, -8.96, -9.76, -14.32]",6.46,-10.06,"[4.6, 5.16, 6.68, 8.24, 10.03]",-14.13,7.98,-74.1,-63.97,-88.12,-0.73
209,TSLA,108.1,417.41,2023-01-03,2024-12-30,727,20,-2,15,1,-46.4,-20.49,-0.44,63.34,12,7,58.33,"[-1.25, -1.76, -6.34, -9.11, -10.8]",7.11,-8.23,"[1.7, 3.71, 4.3, 6.68, 16.34]",-8.87,6.55,-74.1,-63.97,-88.12,-0.73
210,TSLA,108.1,417.41,2023-01-03,2024-12-30,727,20,-2,15,5,-61.99,-35.92,-0.58,41.21,11,8,72.73,"[-1.65, -2.6, -5.93, -8.59, -10.43]",6.67,-13.32,"[6.27, 8.09, 20.22]",-13.88,11.53,-74.1,-63.97,-88.12,-0.73
211,TSLA,108.1,417.41,2023-01-03,2024-12-30,727,20,-2,15,10,-30.73,-10.44,-0.34,80.29,8,5,62.5,"[-0.41, -1.77, -6.9, -7.75, -14.44]",6.51,-7.75,"[2.77, 7.53, 8.58]",-6.25,6.29,-74.1,-63.97,-88.12,-0.73
212,TSLA,108.1,417.41,2023-01-03,2024-12-30,727,20,-4,15,0,-44.18,-16.1,-0.36,70.49,12,6,50,"[-5.58, -7.11, -8.96, -9.76, -14.32]",6.91,-8.44,"[4.6, 5.16, 6.68, 8.24, 10.03]",-11.56,7.98,-74.1,-63.97,-88.12,-0.73
213,TSLA,108.1,417.41,2023-01-03,2024-12-30,727,20,-4,15,1,-46.4,-20.49,-0.44,63.34,12,7,58.33,"[-1.25, -1.76, -6.34, -9.11, -10.8]",7.11,-8.23,"[1.7, 3.71, 4.3, 6.68, 16.34]",-8.87,6.55,-74.1,-63.97,-88.12,-0.73
214,TSLA,108.1,417.41,2023-01-03,2024-12-30,727,20,-4,15,5,-57.6,-32.31,-0.56,45.96,10,7,70,"[-1.65, -2.6, -8.59, -10.43, -13.53]",5.65,-13.31,"[6.27, 8.09, 20.22]",-15.02,11.53,-74.1,-63.97,-88.12,-0.73
215,TSLA,108.1,417.41,2023-01-03,2024-12-30,727,20,-4,15,10,-43.23,-21.68,-0.5,61.47,8,5,62.5,"[-1.77, -6.9, -7.75, -14.44, -30.13]",5.32,-12.73,"[2.77, 7.53, 8.58]",-12.2,6.29,-74.1,-63.97,-88.12,-0.73
216,TSLA,108.1,417.41,2023-01-03,2024-12-30,727,20,-10,15,0,-17.1,-2.77,-0.16,94.55,2,1,50,[-9.76],6.04,-8.61,[6.76],-9.76,6.76,-74.1,-63.97,-88.12,-0.73
217,TSLA,108.1,417.41,2023-01-03,2024-12-30,727,20,-10,15,1,-15.22,-4.69,-0.31,90.88,2,1,50,[-9.11],7.07,-7.38,[2.77],-9.11,2.77,-74.1,-63.97,-88.12,-0.73
218,TSLA,108.1,417.41,2023-01-03,2024-12-30,727,20,-10,15,5,-15.01,-0.42,-0.03,99.16,2,1,50,[-1.65],10.75,-3.07,[3.79],-1.65,3.79,-74.1,-63.97,-88.12,-0.73
219,TSLA,108.1,417.41,2023-01-03,2024-12-30,727,20,-10,15,10,-23.44,-7.92,-0.34,84.84,2,2,100,"[-6.9, -7.3]",1.46,-11.66,[],-7.1,,-74.1,-63.97,-88.12,-0.73
220,TSLA,108.1,417.41,2023-01-03,2024-12-30,727,50,-0.1,15,0,-39,-15.7,-0.4,71.17,6,4,66.67,"[-5.58, -8.96, -9.76, -14.32]",4.88,-9.9,"[5.16, 10.03]",-9.66,7.6,-74.1,-63.97,-88.12,-0.73
221,TSLA,108.1,417.41,2023-01-03,2024-12-30,727,50,-0.1,15,1,-32.89,-10.98,-0.33,79.32,6,4,66.67,"[-1.76, -9.11, -10.8, -11.89]",6.16,-9.62,"[4.3, 16.34]",-8.39,10.32,-74.1,-63.97,-88.12,-0.73
222,TSLA,108.1,417.41,2023-01-03,2024-12-30,727,50,-0.1,15,5,-51.17,-23.92,-0.47,58.01,6,4,66.67,"[-1.65, -10.43, -22.77, -45.55]",7.04,-14.3,"[8.09, 20.22]",-20.1,14.16,-74.1,-63.97,-88.12,-0.73
223,TSLA,108.1,417.41,2023-01-03,2024-12-30,727,50,-0.1,15,10,-40.72,-19.96,-0.49,64.18,4,3,75,"[-6.9, -14.44, -19.14]",6.41,-14.87,[2.77],-13.49,2.77,-74.1,-63.97,-88.12,-0.73
224,TSLA,108.1,417.41,2023-01-03,2024-12-30,727,50,-1,15,0,-39,-15.7,-0.4,71.17,6,4,66.67,"[-5.58, -8.96, -9.76, -14.32]",4.88,-9.9,"[5.16, 10.03]",-9.66,7.6,-74.1,-63.97,-88.12,-0.73
225,TSLA,108.1,417.41,2023-01-03,2024-12-30,727,50,-1,15,1,-32.89,-10.98,-0.33,79.32,6,4,66.67,"[-1.76, -9.11, -10.8, -11.89]",6.16,-9.62,"[4.3, 16.34]",-8.39,10.32,-74.1,-63.97,-88.12,-0.73
226,TSLA,108.1,417.41,2023-01-03,2024-12-30,727,50,-1,15,5,-51.17,-23.92,-0.47,58.01,6,4,66.67,"[-1.65, -10.43, -22.77, -45.55]",7.04,-14.3,"[8.09, 20.22]",-20.1,14.16,-74.1,-63.97,-88.12,-0.73
227,TSLA,108.1,417.41,2023-01-03,2024-12-30,727,50,-1,15,10,-40.72,-19.96,-0.49,64.18,4,3,75,"[-6.9, -14.44, -19.14]",6.41,-14.87,[2.77],-13.49,2.77,-74.1,-63.97,-88.12,-0.73
228,TSLA,108.1,417.41,2023-01-03,2024-12-30,727,50,-2,15,0,-39,-15.7,-0.4,71.17,6,4,66.67,"[-5.58, -8.96, -9.76, -14.32]",4.88,-9.9,"[5.16, 10.03]",-9.66,7.6,-74.1,-63.97,-88.12,-0.73
229,TSLA,108.1,417.41,2023-01-03,2024-12-30,727,50,-2,15,1,-32.89,-10.98,-0.33,79.32,6,4,66.67,"[-1.76, -9.11, -10.8, -11.89]",6.16,-9.62,"[4.3, 16.34]",-8.39,10.32,-74.1,-63.97,-88.12,-0.73
230,TSLA,108.1,417.41,2023-01-03,2024-12-30,727,50,-2,15,5,-51.17,-23.92,-0.47,58.01,6,4,66.67,"[-1.65, -10.43, -22.77, -45.55]",7.04,-14.3,"[8.09, 20.22]",-20.1,14.16,-74.1,-63.97,-88.12,-0.73
231,TSLA,108.1,417.41,2023-01-03,2024-12-30,727,50,-2,15,10,-40.72,-19.96,-0.49,64.18,4,3,75,"[-6.9, -14.44, -19.14]",6.41,-14.87,[2.77],-13.49,2.77,-74.1,-63.97,-88.12,-0.73
232,TSLA,108.1,417.41,2023-01-03,2024-12-30,727,50,-4,15,0,-39,-15.7,-0.4,71.17,6,4,66.67,"[-5.58, -8.96, -9.76, -14.32]",4.88,-9.9,"[5.16, 10.03]",-9.66,7.6,-74.1,-63.97,-88.12,-0.73
233,TSLA,108.1,417.41,2023-01-03,2024-12-30,727,50,-4,15,1,-32.89,-10.98,-0.33,79.32,6,4,66.67,"[-1.76, -9.11, -10.8, -11.89]",6.16,-9.62,"[4.3, 16.34]",-8.39,10.32,-74.1,-63.97,-88.12,-0.73
234,TSLA,108.1,417.41,2023-01-03,2024-12-30,727,50,-4,15,5,-51.17,-23.92,-0.47,58.01,6,4,66.67,"[-1.65, -10.43, -22.77, -45.55]",7.04,-14.3,"[8.09, 20.22]",-20.1,14.16,-74.1,-63.97,-88.12,-0.73
235,TSLA,108.1,417.41,2023-01-03,2024-12-30,727,50,-4,15,10,-40.72,-19.96,-0.49,64.18,4,3,75,"[-6.9, -14.44, -19.14]",6.41,-14.87,[2.77],-13.49,2.77,-74.1,-63.97,-88.12,-0.73
236,TSLA,108.1,417.41,2023-01-03,2024-12-30,727,50,-10,15,0,-10.31,-5.08,-0.49,90.14,1,1,100,[-9.76],0.86,-9.76,[],-9.76,,-74.1,-63.97,-88.12,-0.73
237,TSLA,108.1,417.41,2023-01-03,2024-12-30,727,50,-10,15,1,-10.31,-4.8,-0.47,90.67,1,1,100,[-9.11],1.2,-9.39,[],-9.11,,-74.1,-63.97,-88.12,-0.73
238,TSLA,108.1,417.41,2023-01-03,2024-12-30,727,50,-10,15,5,-10.31,-1.33,-0.13,97.37,1,1,100,[-1.65],4.13,-6.14,[],-1.65,,-74.1,-63.97,-88.12,-0.73
239,TSLA,108.1,417.41,2023-01-03,2024-12-30,727,50,-10,15,10,-9.92,-3.77,-0.38,92.63,1,1,100,[-6.9],2.92,-6.9,[],-6.9,,-74.1,-63.97,-88.12,-0.73
240,TSLA,108.1,417.41,2023-01-03,2024-12-30,727,100,-0.1,15,0,0,0,,100,0,0,0,[],0,0,[],,,-74.1,-63.97,-88.12,-0.73
241,TSLA,108.1,417.41,2023-01-03,2024-12-30,727,100,-0.1,15,1,0,0,,100,0,0,0,[],0,0,[],,,-74.1,-63.97,-88.12,-0.73
242,TSLA,108.1,417.41,2023-01-03,2024-12-30,727,100,-0.1,15,5,0,0,,100,0,0,0,[],0,0,[],,,-74.1,-63.97,-88.12,-0.73
243,TSLA,108.1,417.41,2023-01-03,2024-12-30,727,100,-0.1,15,10,0,0,,100,0,0,0,[],0,0,[],,,-74.1,-63.97,-88.12,-0.73
244,TSLA,108.1,417.41,2023-01-03,2024-12-30,727,100,-1,15,0,0,0,,100,0,0,0,[],0,0,[],,,-74.1,-63.97,-88.12,-0.73
245,TSLA,108.1,417.41,2023-01-03,2024-12-30,727,100,-1,15,1,0,0,,100,0,0,0,[],0,0,[],,,-74.1,-63.97,-88.12,-0.73
246,TSLA,108.1,417.41,2023-01-03,2024-12-30,727,100,-1,15,5,0,0,,100,0,0,0,[],0,0,[],,,-74.1,-63.97,-88.12,-0.73
247,TSLA,108.1,417.41,2023-01-03,2024-12-30,727,100,-1,15,10,0,0,,100,0,0,0,[],0,0,[],,,-74.1,-63.97,-88.12,-0.73
248,TSLA,108.1,417.41,2023-01-03,2024-12-30,727,100,-2,15,0,0,0,,100,0,0,0,[],0,0,[],,,-74.1,-63.97,-88.12,-0.73
249,TSLA,108.1,417.41,2023-01-03,2024-12-30,727,100,-2,15,1,0,0,,100,0,0,0,[],0,0,[],,,-74.1,-63.97,-88.12,-0.73
250,TSLA,108.1,417.41,2023-01-03,2024-12-30,727,100,-2,15,5,0,0,,100,0,0,0,[],0,0,[],,,-74.1,-63.97,-88.12,-0.73
251,TSLA,108.1,417.41,2023-01-03,2024-12-30,727,100,-2,15,10,0,0,,100,0,0,0,[],0,0,[],,,-74.1,-63.97,-88.12,-0.73
252,TSLA,108.1,417.41,2023-01-03,2024-12-30,727,100,-4,15,0,0,0,,100,0,0,0,[],0,0,[],,,-74.1,-63.97,-88.12,-0.73
253,TSLA,108.1,417.41,2023-01-03,2024-12-30,727,100,-4,15,1,0,0,,100,0,0,0,[],0,0,[],,,-74.1,-63.97,-88.12,-0.73
254,TSLA,108.1,417.41,2023-01-03,2024-12-30,727,100,-4,15,5,0,0,,100,0,0,0,[],0,0,[],,,-74.1,-63.97,-88.12,-0.73
255,TSLA,108.1,417.41,2023-01-03,2024-12-30,727,100,-4,15,10,0,0,,100,0,0,0,[],0,0,[],,,-74.1,-63.97,-88.12,-0.73
256,TSLA,108.1,417.41,2023-01-03,2024-12-30,727,100,-10,15,0,0,0,,100,0,0,0,[],0,0,[],,,-74.1,-63.97,-88.12,-0.73
257,TSLA,108.1,417.41,2023-01-03,2024-12-30,727,100,-10,15,1,0,0,,100,0,0,0,[],0,0,[],,,-74.1,-63.97,-88.12,-0.73
258,TSLA,108.1,417.41,2023-01-03,2024-12-30,727,100,-10,15,5,0,0,,100,0,0,0,[],0,0,[],,,-74.1,-63.97,-88.12,-0.73
259,TSLA,108.1,417.41,2023-01-03,2024-12-30,727,100,-10,15,10,0,0,,100,0,0,0,[],0,0,[],,,-74.1,-63.97,-88.12,-0.73
260,TSLA,108.1,417.41,2023-01-03,2024-12-30,727,200,-0.1,15,0,0,0,,100,0,0,0,[],0,0,[],,,-74.1,-63.97,-88.12,-0.73
261,TSLA,108.1,417.41,2023-01-03,2024-12-30,727,200,-0.1,15,1,0,0,,100,0,0,0,[],0,0,[],,,-74.1,-63.97,-88.12,-0.73
262,TSLA,108.1,417.41,2023-01-03,2024-12-30,727,200,-0.1,15,5,0,0,,100,0,0,0,[],0,0,[],,,-74.1,-63.97,-88.12,-0.73
263,TSLA,108.1,417.41,2023-01-03,2024-12-30,727,200,-0.1,15,10,0,0,,100,0,0,0,[],0,0,[],,,-74.1,-63.97,-88.12,-0.73
264,TSLA,108.1,417.41,2023-01-03,2024-12-30,727,200,-1,15,0,0,0,,100,0,0,0,[],0,0,[],,,-74.1,-63.97,-88.12,-0.73
265,TSLA,108.1,417.41,2023-01-03,2024-12-30,727,200,-1,15,1,0,0,,100,0,0,0,[],0,0,[],,,-74.1,-63.97,-88.12,-0.73
266,TSLA,108.1,417.41,2023-01-03,2024-12-30,727,200,-1,15,5,0,0,,100,0,0,0,[],0,0,[],,,-74.1,-63.97,-88.12,-0.73
267,TSLA,108.1,417.41,2023-01-03,2024-12-30,727,200,-1,15,10,0,0,,100,0,0,0,[],0,0,[],,,-74.1,-63.97,-88.12,-0.73
268,TSLA,108.1,417.41,2023-01-03,2024-12-30,727,200,-2,15,0,0,0,,100,0,0,0,[],0,0,[],,,-74.1,-63.97,-88.12,-0.73
269,TSLA,108.1,417.41,2023-01-03,2024-12-30,727,200,-2,15,1,0,0,,100,0,0,0,[],0,0,[],,,-74.1,-63.97,-88.12,-0.73
270,TSLA,108.1,417.41,2023-01-03,2024-12-30,727,200,-2,15,5,0,0,,100,0,0,0,[],0,0,[],,,-74.1,-63.97,-88.12,-0.73
271,TSLA,108.1,417.41,2023-01-03,2024-12-30,727,200,-2,15,10,0,0,,100,0,0,0,[],0,0,[],,,-74.1,-63.97,-88.12,-0.73
272,TSLA,108.1,417.41,2023-01-03,2024-12-30,727,200,-4,15,0,0,0,,100,0,0,0,[],0,0,[],,,-74.1,-63.97,-88.12,-0.73
273,TSLA,108.1,417.41,2023-01-03,2024-12-30,727,200,-4,15,1,0,0,,100,0,0,0,[],0,0,[],,,-74.1,-63.97,-88.12,-0.73
274,TSLA,108.1,417.41,2023-01-03,2024-12-30,727,200,-4,15,5,0,0,,100,0,0,0,[],0,0,[],,,-74.1,-63.97,-88.12,-0.73
275,TSLA,108.1,417.41,2023-01-03,2024-12-30,727,200,-4,15,10,0,0,,100,0,0,0,[],0,0,[],,,-74.1,-63.97,-88.12,-0.73
276,TSLA,108.1,417.41,2023-01-03,2024-12-30,727,200,-10,15,0,0,0,,100,0,0,0,[],0,0,[],,,-74.1,-63.97,-88.12,-0.73
277,TSLA,108.1,417.41,2023-01-03,2024-12-30,727,200,-10,15,1,0,0,,100,0,0,0,[],0,0,[],,,-74.1,-63.97,-88.12,-0.73
278,TSLA,108.1,417.41,2023-01-03,2024-12-30,727,200,-10,15,5,0,0,,100,0,0,0,[],0,0,[],,,-74.1,-63.97,-88.12,-0.73
279,TSLA,108.1,417.41,2023-01-03,2024-12-30,727,200,-10,15,10,0,0,,100,0,0,0,[],0,0,[],,,-74.1,-63.97,-88.12,-0.73
280,TSLA,108.1,417.41,2023-01-03,2024-12-30,727,500,-0.1,15,0,0,0,,100,0,0,0,[],0,0,[],,,-74.1,-63.97,-88.12,-0.73
281,TSLA,108.1,417.41,2023-01-03,2024-12-30,727,500,-0.1,15,1,0,0,,100,0,0,0,[],0,0,[],,,-74.1,-63.97,-88.12,-0.73
282,TSLA,108.1,417.41,2023-01-03,2024-12-30,727,500,-0.1,15,5,0,0,,100,0,0,0,[],0,0,[],,,-74.1,-63.97,-88.12,-0.73
283,TSLA,108.1,417.41,2023-01-03,2024-12-30,727,500,-0.1,15,10,0,0,,100,0,0,0,[],0,0,[],,,-74.1,-63.97,-88.12,-0.73
284,TSLA,108.1,417.41,2023-01-03,2024-12-30,727,500,-1,15,0,0,0,,100,0,0,0,[],0,0,[],,,-74.1,-63.97,-88.12,-0.73
285,TSLA,108.1,417.41,2023-01-03,2024-12-30,727,500,-1,15,1,0,0,,100,0,0,0,[],0,0,[],,,-74.1,-63.97,-88.12,-0.73
286,TSLA,108.1,417.41,2023-01-03,2024-12-30,727,500,-1,15,5,0,0,,100,0,0,0,[],0,0,[],,,-74.1,-63.97,-88.12,-0.73
287,TSLA,108.1,417.41,2023-01-03,2024-12-30,727,500,-1,15,10,0,0,,100,0,0,0,[],0,0,[],,,-74.1,-63.97,-88.12,-0.73
288,TSLA,108.1,417.41,2023-01-03,2024-12-30,727,500,-2,15,0,0,0,,100,0,0,0,[],0,0,[],,,-74.1,-63.97,-88.12,-0.73
289,TSLA,108.1,417.41,2023-01-03,2024-12-30,727,500,-2,15,1,0,0,,100,0,0,0,[],0,0,[],,,-74.1,-63.97,-88.12,-0.73
290,TSLA,108.1,417.41,2023-01-03,2024-12-30,727,500,-2,15,5,0,0,,100,0,0,0,[],0,0,[],,,-74.1,-63.97,-88.12,-0.73
291,TSLA,108.1,417.41,2023-01-03,2024-12-30,727,500,-2,15,10,0,0,,100,0,0,0,[],0,0,[],,,-74.1,-63.97,-88.12,-0.73
292,TSLA,108.1,417.41,2023-01-03,2024-12-30,727,500,-4,15,0,0,0,,100,0,0,0,[],0,0,[],,,-74.1,-63.97,-88.12,-0.73
293,TSLA,108.1,417.41,2023-01-03,2024-12-30,727,500,-4,15,1,0,0,,100,0,0,0,[],0,0,[],,,-74.1,-63.97,-88.12,-0.73
294,TSLA,108.1,417.41,2023-01-03,2024-12-30,727,500,-4,15,5,0,0,,100,0,0,0,[],0,0,[],,,-74.1,-63.97,-88.12,-0.73
295,TSLA,108.1,417.41,2023-01-03,2024-12-30,727,500,-4,15,10,0,0,,100,0,0,0,[],0,0,[],,,-74.1,-63.97,-88.12,-0.73
296,TSLA,108.1,417.41,2023-01-03,2024-12-30,727,500,-10,15,0,0,0,,100,0,0,0,[],0,0,[],,,-74.1,-63.97,-88.12,-0.73
297,TSLA,108.1,417.41,2023-01-03,2024-12-30,727,500,-10,15,1,0,0,,100,0,0,0,[],0,0,[],,,-74.1,-63.97,-88.12,-0.73
298,TSLA,108.1,417.41,2023-01-03,2024-12-30,727,500,-10,15,5,0,0,,100,0,0,0,[],0,0,[],,,-74.1,-63.97,-88.12,-0.73
299,TSLA,108.1,417.41,2023-01-03,2024-12-30,727,500,-10,15,10,0,0,,100,0,0,0,[],0,0,[],,,-74.1,-63.97,-88.12,-0.73
300,TSLA,108.1,417.41,2023-01-03,2024-12-30,727,20,-0.1,20,0,-80.28,-52.18,-0.65,23.01,13,9,69.23,"[-5.11, -6.12, -8.53, -9.88, -18.67]",7.33,-18.22,"[5.16, 11.43, 16.61, 17.5]",-21.18,12.68,-74.1,-63.97,-88.12,-0.73
301,TSLA,108.1,417.41,2023-01-03,2024-12-30,727,20,-0.1,20,1,-76.88,-47.87,-0.62,27.32,12,8,66.67,"[-6.81, -8.81, -9.12, -10.52, -11.36]",7.95,-18.12,"[4.3, 6.84, 17.13, 19.43]",-21.65,11.92,-74.1,-63.97,-88.12,-0.73
302,TSLA,108.1,417.41,2023-01-03,2024-12-30,727,20,-0.1,20,5,-54.39,-29.23,-0.54,50.23,10,5,50,"[-3.52, -7.3, -14.43, -15.16, -44.71]",5.36,-13.61,"[0.21, 0.5, 5.42, 8.09, 14.08]",-17.02,5.66,-74.1,-63.97,-88.12,-0.73
303,TSLA,108.1,417.41,2023-01-03,2024-12-30,727,20,-0.1,20,10,-38.02,-18.86,-0.5,65.95,9,4,44.44,"[-2.69, -9.3, -14.57, -32.74]",8.13,-11.3,"[4.27, 4.35, 6.23, 7.37, 7.5]",-14.82,5.94,-74.1,-63.97,-88.12,-0.73
304,TSLA,108.1,417.41,2023-01-03,2024-12-30,727,20,-1,20,0,-80.28,-52.18,-0.65,23.01,13,9,69.23,"[-5.11, -6.12, -8.53, -9.88, -18.67]",7.33,-18.22,"[5.16, 11.43, 16.61, 17.5]",-21.18,12.68,-74.1,-63.97,-88.12,-0.73
305,TSLA,108.1,417.41,2023-01-03,2024-12-30,727,20,-1,20,1,-76.88,-47.87,-0.62,27.32,12,8,66.67,"[-6.81, -8.81, -9.12, -10.52, -11.36]",7.95,-18.12,"[4.3, 6.84, 17.13, 19.43]",-21.65,11.92,-74.1,-63.97,-88.12,-0.73
306,TSLA,108.1,417.41,2023-01-03,2024-12-30,727,20,-1,20,5,-54.39,-29.23,-0.54,50.23,10,5,50,"[-3.52, -7.3, -14.43, -15.16, -44.71]",5.36,-13.61,"[0.21, 0.5, 5.42, 8.09, 14.08]",-17.02,5.66,-74.1,-63.97,-88.12,-0.73
307,TSLA,108.1,417.41,2023-01-03,2024-12-30,727,20,-1,20,10,-38.02,-18.86,-0.5,65.95,9,4,44.44,"[-2.69, -9.3, -14.57, -32.74]",8.13,-11.3,"[4.27, 4.35, 6.23, 7.37, 7.5]",-14.82,5.94,-74.1,-63.97,-88.12,-0.73
308,TSLA,108.1,417.41,2023-01-03,2024-12-30,727,20,-2,20,0,-70.49,-41.45,-0.59,34.43,11,8,72.73,"[-1.33, -5.11, -6.12, -8.53, -9.88]",7.66,-15.62,"[5.16, 11.43, 17.5]",-15.8,11.36,-74.1,-63.97,-88.12,-0.73
309,TSLA,108.1,417.41,2023-01-03,2024-12-30,727,20,-2,20,1,-72.48,-43.1,-0.59,32.52,11,7,63.64,"[-6.81, -8.81, -9.12, -10.52, -11.36]",7.92,-15.89,"[1.73, 4.3, 6.84, 19.43]",-18.99,8.07,-74.1,-63.97,-88.12,-0.73
310,TSLA,108.1,417.41,2023-01-03,2024-12-30,727,20,-2,20,5,-51.52,-27.03,-0.52,53.39,9,4,44.44,"[-7.3, -14.43, -15.16, -44.71]",5.95,-13.38,"[0.21, 0.5, 5.42, 8.09, 14.08]",-20.4,5.66,-74.1,-63.97,-88.12,-0.73
311,TSLA,108.1,417.41,2023-01-03,2024-12-30,727,20,-2,20,10,-35.13,-16.98,-0.48,69.03,8,3,37.5,"[-9.3, -14.57, -32.74]",8.91,-11.13,"[4.27, 4.35, 6.23, 7.37, 7.5]",-18.87,5.94,-74.1,-63.97,-88.12,-0.73
312,TSLA,108.1,417.41,2023-01-03,2024-12-30,727,20,-4,20,0,-65.71,-36.87,-0.56,40.01,10,7,70,"[-1.33, -5.11, -6.12, -8.53, -18.67]",7.04,-15.41,"[5.16, 11.43, 17.5]",-16.65,11.36,-74.1,-63.97,-88.12,-0.73
313,TSLA,108.1,417.41,2023-01-03,2024-12-30,727,20,-4,20,1,-68.98,-39.58,-0.57,36.66,10,6,60,"[-8.81, -9.12, -10.52, -11.36, -26.6]",6.93,-16.26,"[1.73, 4.3, 6.84, 19.43]",-21.02,8.07,-74.1,-63.97,-88.12,-0.73
314,TSLA,108.1,417.41,2023-01-03,2024-12-30,727,20,-4,20,5,-46.8,-24.19,-0.52,57.61,8,4,50,"[-7.3, -14.43, -15.16, -27.21]",6.16,-14.01,"[0.21, 0.5, 5.42, 14.08]",-16.02,5.05,-74.1,-63.97,-88.12,-0.73
315,TSLA,108.1,417.41,2023-01-03,2024-12-30,727,20,-4,20,10,-44.03,-23.73,-0.54,58.3,8,3,37.5,"[-9.3, -32.74, -34.27]",7.72,-14.54,"[4.27, 4.35, 6.23, 7.37, 7.5]",-25.44,5.94,-74.1,-63.97,-88.12,-0.73
316,TSLA,108.1,417.41,2023-01-03,2024-12-30,727,20,-10,20,0,-15.01,-5.99,-0.4,88.42,2,2,100,"[-3.37, -5.11]",6.04,-8.61,[],-4.24,,-74.1,-63.97,-88.12,-0.73
317,TSLA,108.1,417.41,2023-01-03,2024-12-30,727,20,-10,20,1,-15.28,-4.14,-0.27,91.91,2,1,50,[-8.81],7.07,-7.38,[4.35],-8.81,4.35,-74.1,-63.97,-88.12,-0.73
318,TSLA,108.1,417.41,2023-01-03,2024-12-30,727,20,-10,20,5,-15.01,0.53,0.04,101.07,2,1,50,[-7.3],10.75,-3.65,[11.34],-7.3,11.34,-74.1,-63.97,-88.12,-0.73
319,TSLA,108.1,417.41,2023-01-03,2024-12-30,727,20,-10,20,10,-18.61,-7.04,-0.38,86.46,2,1,50,[-20.03],3.75,-13.46,[7.5],-20.03,7.5,-74.1,-63.97,-88.12,-0.73
320,TSLA,108.1,417.41,2023-01-03,2024-12-30,727,50,-0.1,20,0,-58.08,-30.17,-0.52,48.91,6,4,66.67,"[-5.11, -8.53, -29.31, -47.48]",6.55,-17.76,"[5.16, 17.5]",-22.61,11.33,-74.1,-63.97,-88.12,-0.73
321,TSLA,108.1,417.41,2023-01-03,2024-12-30,727,50,-0.1,20,1,-62.29,-33.35,-0.54,44.57,6,4,66.67,"[-8.81, -9.12, -26.6, -59.7]",7.23,-19.36,"[4.3, 19.43]",-26.06,11.86,-74.1,-63.97,-88.12,-0.73
322,TSLA,108.1,417.41,2023-01-03,2024-12-30,727,50,-0.1,20,5,-49.45,-23.06,-0.47,59.33,5,3,60,"[-7.3, -15.16, -45.32]",7.69,-16.94,"[8.09, 14.08]",-22.59,11.08,-74.1,-63.97,-88.12,-0.73
323,TSLA,108.1,417.41,2023-01-03,2024-12-30,727,50,-0.1,20,10,-42.2,-24.06,-0.57,57.8,4,2,50,"[-30.97, -32.74]",7.56,-19,"[4.35, 7.5]",-31.86,5.92,-74.1,-63.97,-88.12,-0.73
324,TSLA,108.1,417.41,2023-01-03,2024-12-30,727,50,-1,20,0,-58.08,-30.17,-0.52,48.91,6,4,66.67,"[-5.11, -8.53, -29.31, -47.48]",6.55,-17.76,"[5.16, 17.5]",-22.61,11.33,-74.1,-63.97,-88.12,-0.73
325,TSLA,108.1,417.41,2023-01-03,2024-12-30,727,50,-1,20,1,-62.29,-33.35,-0.54,44.57,6,4,66.67,"[-8.81, -9.12, -26.6, -59.7]",7.23,-19.36,"[4.3, 19.43]",-26.06,11.86,-74.1,-63.97,-88.12,-0.73
326,TSLA,108.1,417.41,2023-01-03,2024-12-30,727,50,-1,20,5,-49.45,-23.06,-0.47,59.33,5,3,60,"[-7.3, -15.16, -45.32]",7.69,-16.94,"[8.09, 14.08]",-22.59,11.08,-74.1,-63.97,-88.12,-0.73
327,TSLA,108.1,417.41,2023-01-03,2024-12-30,727,50,-1,20,10,-42.2,-24.06,-0.57,57.8,4,2,50,"[-30.97, -32.74]",7.56,-19,"[4.35, 7.5]",-31.86,5.92,-74.1,-63.97,-88.12,-0.73
328,TSLA,108.1,417.41,2023-01-03,2024-12-30,727,50,-2,20,0,-58.08,-30.17,-0.52,48.91,6,4,66.67,"[-5.11, -8.53, -29.31, -47.48]",6.55,-17.76,"[5.16, 17.5]",-22.61,11.33,-74.1,-63.97,-88.12,-0.73
329,TSLA,108.1,417.41,2023-01-03,2024-12-30,727,50,-2,20,1,-62.29,-33.35,-0.54,44.57,6,4,66.67,"[-8.81, -9.12, -26.6, -59.7]",7.23,-19.36,"[4.3, 19.43]",-26.06,11.86,-74.1,-63.97,-88.12,-0.73
330,TSLA,108.1,417.41,2023-01-03,2024-12-30,727,50,-2,20,5,-49.45,-23.06,-0.47,59.33,5,3,60,"[-7.3, -15.16, -45.32]",7.69,-16.94,"[8.09, 14.08]",-22.59,11.08,-74.1,-63.97,-88.12,-0.73
331,TSLA,108.1,417.41,2023-01-03,2024-12-30,727,50,-2,20,10,-42.2,-24.06,-0.57,57.8,4,2,50,"[-30.97, -32.74]",7.56,-19,"[4.35, 7.5]",-31.86,5.92,-74.1,-63.97,-88.12,-0.73
332,TSLA,108.1,417.41,2023-01-03,2024-12-30,727,50,-4,20,0,-58.08,-30.17,-0.52,48.91,6,4,66.67,"[-5.11, -8.53, -29.31, -47.48]",6.55,-17.76,"[5.16, 17.5]",-22.61,11.33,-74.1,-63.97,-88.12,-0.73
333,TSLA,108.1,417.41,2023-01-03,2024-12-30,727,50,-4,20,1,-62.29,-33.35,-0.54,44.57,6,4,66.67,"[-8.81, -9.12, -26.6, -59.7]",7.23,-19.36,"[4.3, 19.43]",-26.06,11.86,-74.1,-63.97,-88.12,-0.73
334,TSLA,108.1,417.41,2023-01-03,2024-12-30,727,50,-4,20,5,-49.45,-23.06,-0.47,59.33,5,3,60,"[-7.3, -15.16, -45.32]",7.69,-16.94,"[8.09, 14.08]",-22.59,11.08,-74.1,-63.97,-88.12,-0.73
335,TSLA,108.1,417.41,2023-01-03,2024-12-30,727,50,-4,20,10,-42.2,-24.06,-0.57,57.8,4,2,50,"[-30.97, -32.74]",7.56,-19,"[4.35, 7.5]",-31.86,5.92,-74.1,-63.97,-88.12,-0.73
336,TSLA,108.1,417.41,2023-01-03,2024-12-30,727,50,-10,20,0,-10.31,-3.09,-0.3,93.94,1,1,100,[-5.11],0.86,-9.76,[],-5.11,,-74.1,-63.97,-88.12,-0.73
337,TSLA,108.1,417.41,2023-01-03,2024-12-30,727,50,-10,20,1,-10.31,-4.83,-0.47,90.61,1,1,100,[-8.81],1.2,-9.39,[],-8.81,,-74.1,-63.97,-88.12,-0.73
338,TSLA,108.1,417.41,2023-01-03,2024-12-30,727,50,-10,20,5,-11.59,-4.05,-0.35,92.09,1,1,100,[-7.3],4.13,-7.3,[],-7.3,,-74.1,-63.97,-88.12,-0.73
339,TSLA,108.1,417.41,2023-01-03,2024-12-30,727,50,-10,20,10,-9.92,3.08,0.31,106.23,1,0,0,[],7.5,-6.9,[7.5],,7.5,-74.1,-63.97,-88.12,-0.73
340,TSLA,108.1,417.41,2023-01-03,2024-12-30,727,100,-0.1,20,0,0,0,,100,0,0,0,[],0,0,[],,,-74.1,-63.97,-88.12,-0.73
341,TSLA,108.1,417.41,2023-01-03,2024-12-30,727,100,-0.1,20,1,0,0,,100,0,0,0,[],0,0,[],,,-74.1,-63.97,-88.12,-0.73
342,TSLA,108.1,417.41,2023-01-03,2024-12-30,727,100,-0.1,20,5,0,0,,100,0,0,0,[],0,0,[],,,-74.1,-63.97,-88.12,-0.73
343,TSLA,108.1,417.41,2023-01-03,2024-12-30,727,100,-0.1,20,10,0,0,,100,0,0,0,[],0,0,[],,,-74.1,-63.97,-88.12,-0.73
344,TSLA,108.1,417.41,2023-01-03,2024-12-30,727,100,-1,20,0,0,0,,100,0,0,0,[],0,0,[],,,-74.1,-63.97,-88.12,-0.73
345,TSLA,108.1,417.41,2023-01-03,2024-12-30,727,100,-1,20,1,0,0,,100,0,0,0,[],0,0,[],,,-74.1,-63.97,-88.12,-0.73
346,TSLA,108.1,417.41,2023-01-03,2024-12-30,727,100,-1,20,5,0,0,,100,0,0,0,[],0,0,[],,,-74.1,-63.97,-88.12,-0.73
347,TSLA,108.1,417.41,2023-01-03,2024-12-30,727,100,-1,20,10,0,0,,100,0,0,0,[],0,0,[],,,-74.1,-63.97,-88.12,-0.73
348,TSLA,108.1,417.41,2023-01-03,2024-12-30,727,100,-2,20,0,0,0,,100,0,0,0,[],0,0,[],,,-74.1,-63.97,-88.12,-0.73
349,TSLA,108.1,417.41,2023-01-03,2024-12-30,727,100,-2,20,1,0,0,,100,0,0,0,[],0,0,[],,,-74.1,-63.97,-88.12,-0.73
350,TSLA,108.1,417.41,2023-01-03,2024-12-30,727,100,-2,20,5,0,0,,100,0,0,0,[],0,0,[],,,-74.1,-63.97,-88.12,-0.73
351,TSLA,108.1,417.41,2023-01-03,2024-12-30,727,100,-2,20,10,0,0,,100,0,0,0,[],0,0,[],,,-74.1,-63.97,-88.12,-0.73
352,TSLA,108.1,417.41,2023-01-03,2024-12-30,727,100,-4,20,0,0,0,,100,0,0,0,[],0,0,[],,,-74.1,-63.97,-88.12,-0.73
353,TSLA,108.1,417.41,2023-01-03,2024-12-30,727,100,-4,20,1,0,0,,100,0,0,0,[],0,0,[],,,-74.1,-63.97,-88.12,-0.73
354,TSLA,108.1,417.41,2023-01-03,2024-12-30,727,100,-4,20,5,0,0,,100,0,0,0,[],0,0,[],,,-74.1,-63.97,-88.12,-0.73
355,TSLA,108.1,417.41,2023-01-03,2024-12-30,727,100,-4,20,10,0,0,,100,0,0,0,[],0,0,[],,,-74.1,-63.97,-88.12,-0.73
356,TSLA,108.1,417.41,2023-01-03,2024-12-30,727,100,-10,20,0,0,0,,100,0,0,0,[],0,0,[],,,-74.1,-63.97,-88.12,-0.73
357,TSLA,108.1,417.41,2023-01-03,2024-12-30,727,100,-10,20,1,0,0,,100,0,0,0,[],0,0,[],,,-74.1,-63.97,-88.12,-0.73
358,TSLA,108.1,417.41,2023-01-03,2024-12-30,727,100,-10,20,5,0,0,,100,0,0,0,[],0,0,[],,,-74.1,-63.97,-88.12,-0.73
359,TSLA,108.1,417.41,2023-01-03,2024-12-30,727,100,-10,20,10,0,0,,100,0,0,0,[],0,0,[],,,-74.1,-63.97,-88.12,-0.73
360,TSLA,108.1,417.41,2023-01-03,2024-12-30,727,200,-0.1,20,0,0,0,,100,0,0,0,[],0,0,[],,,-74.1,-63.97,-88.12,-0.73
361,TSLA,108.1,417.41,2023-01-03,2024-12-30,727,200,-0.1,20,1,0,0,,100,0,0,0,[],0,0,[],,,-74.1,-63.97,-88.12,-0.73
362,TSLA,108.1,417.41,2023-01-03,2024-12-30,727,200,-0.1,20,5,0,0,,100,0,0,0,[],0,0,[],,,-74.1,-63.97,-88.12,-0.73
363,TSLA,108.1,417.41,2023-01-03,2024-12-30,727,200,-0.1,20,10,0,0,,100,0,0,0,[],0,0,[],,,-74.1,-63.97,-88.12,-0.73
364,TSLA,108.1,417.41,2023-01-03,2024-12-30,727,200,-1,20,0,0,0,,100,0,0,0,[],0,0,[],,,-74.1,-63.97,-88.12,-0.73
365,TSLA,108.1,417.41,2023-01-03,2024-12-30,727,200,-1,20,1,0,0,,100,0,0,0,[],0,0,[],,,-74.1,-63.97,-88.12,-0.73
366,TSLA,108.1,417.41,2023-01-03,2024-12-30,727,200,-1,20,5,0,0,,100,0,0,0,[],0,0,[],,,-74.1,-63.97,-88.12,-0.73
367,TSLA,108.1,417.41,2023-01-03,2024-12-30,727,200,-1,20,10,0,0,,100,0,0,0,[],0,0,[],,,-74.1,-63.97,-88.12,-0.73
368,TSLA,108.1,417.41,2023-01-03,2024-12-30,727,200,-2,20,0,0,0,,100,0,0,0,[],0,0,[],,,-74.1,-63.97,-88.12,-0.73
369,TSLA,108.1,417.41,2023-01-03,2024-12-30,727,200,-2,20,1,0,0,,100,0,0,0,[],0,0,[],,,-74.1,-63.97,-88.12,-0.73
370,TSLA,108.1,417.41,2023-01-03,2024-12-30,727,200,-2,20,5,0,0,,100,0,0,0,[],0,0,[],,,-74.1,-63.97,-88.12,-0.73
371,TSLA,108.1,417.41,2023-01-03,2024-12-30,727,200,-2,20,10,0,0,,100,0,0,0,[],0,0,[],,,-74.1,-63.97,-88.12,-0.73
372,TSLA,108.1,417.41,2023-01-03,2024-12-30,727,200,-4,20,0,0,0,,100,0,0,0,[],0,0,[],,,-74.1,-63.97,-88.12,-0.73
373,TSLA,108.1,417.41,2023-01-03,2024-12-30,727,200,-4,20,1,0,0,,100,0,0,0,[],0,0,[],,,-74.1,-63.97,-88.12,-0.73
374,TSLA,108.1,417.41,2023-01-03,2024-12-30,727,200,-4,20,5,0,0,,100,0,0,0,[],0,0,[],,,-74.1,-63.97,-88.12,-0.73
375,TSLA,108.1,417.41,2023-01-03,2024-12-30,727,200,-4,20,10,0,0,,100,0,0,0,[],0,0,[],,,-74.1,-63.97,-88.12,-0.73
376,TSLA,108.1,417.41,2023-01-03,2024-12-30,727,200,-10,20,0,0,0,,100,0,0,0,[],0,0,[],,,-74.1,-63.97,-88.12,-0.73
377,TSLA,108.1,417.41,2023-01-03,2024-12-30,727,200,-10,20,1,0,0,,100,0,0,0,[],0,0,[],,,-74.1,-63.97,-88.12,-0.73
378,TSLA,108.1,417.41,2023-01-03,2024-12-30,727,200,-10,20,5,0,0,,100,0,0,0,[],0,0,[],,,-74.1,-63.97,-88.12,-0.73
379,TSLA,108.1,417.41,2023-01-03,2024-12-30,727,200,-10,20,10,0,0,,100,0,0,0,[],0,0,[],,,-74.1,-63.97,-88.12,-0.73
380,TSLA,108.1,417.41,2023-01-03,2024-12-30,727,500,-0.1,20,0,0,0,,100,0,0,0,[],0,0,[],,,-74.1,-63.97,-88.12,-0.73
381,TSLA,108.1,417.41,2023-01-03,2024-12-30,727,500,-0.1,20,1,0,0,,100,0,0,0,[],0,0,[],,,-74.1,-63.97,-88.12,-0.73
382,TSLA,108.1,417.41,2023-01-03,2024-12-30,727,500,-0.1,20,5,0,0,,100,0,0,0,[],0,0,[],,,-74.1,-63.97,-88.12,-0.73
383,TSLA,108.1,417.41,2023-01-03,2024-12-30,727,500,-0.1,20,10,0,0,,100,0,0,0,[],0,0,[],,,-74.1,-63.97,-88.12,-0.73
384,TSLA,108.1,417.41,2023-01-03,2024-12-30,727,500,-1,20,0,0,0,,100,0,0,0,[],0,0,[],,,-74.1,-63.97,-88.12,-0.73
385,TSLA,108.1,417.41,2023-01-03,2024-12-30,727,500,-1,20,1,0,0,,100,0,0,0,[],0,0,[],,,-74.1,-63.97,-88.12,-0.73
386,TSLA,108.1,417.41,2023-01-03,2024-12-30,727,500,-1,20,5,0,0,,100,0,0,0,[],0,0,[],,,-74.1,-63.97,-88.12,-0.73
387,TSLA,108.1,417.41,2023-01-03,2024-12-30,727,500,-1,20,10,0,0,,100,0,0,0,[],0,0,[],,,-74.1,-63.97,-88.12,-0.73
388,TSLA,108.1,417.41,2023-01-03,2024-12-30,727,500,-2,20,0,0,0,,100,0,0,0,[],0,0,[],,,-74.1,-63.97,-88.12,-0.73
389,TSLA,108.1,417.41,2023-01-03,2024-12-30,727,500,-2,20,1,0,0,,100,0,0,0,[],0,0,[],,,-74.1,-63.97,-88.12,-0.73
390,TSLA,108.1,417.41,2023-01-03,2024-12-30,727,500,-2,20,5,0,0,,100,0,0,0,[],0,0,[],,,-74.1,-63.97,-88.12,-0.73
391,TSLA,108.1,417.41,2023-01-03,2024-12-30,727,500,-2,20,10,0,0,,100,0,0,0,[],0,0,[],,,-74.1,-63.97,-88.12,-0.73
392,TSLA,108.1,417.41,2023-01-03,2024-12-30,727,500,-4,20,0,0,0,,100,0,0,0,[],0,0,[],,,-74.1,-63.97,-88.12,-0.73
393,TSLA,108.1,417.41,2023-01-03,2024-12-30,727,500,-4,20,1,0,0,,100,0,0,0,[],0,0,[],,,-74.1,-63.97,-88.12,-0.73
394,TSLA,108.1,417.41,2023-01-03,2024-12-30,727,500,-4,20,5,0,0,,100,0,0,0,[],0,0,[],,,-74.1,-63.97,-88.12,-0.73
395,TSLA,108.1,417.41,2023-01-03,2024-12-30,727,500,-4,20,10,0,0,,100,0,0,0,[],0,0,[],,,-74.1,-63.97,-88.12,-0.73
396,TSLA,108.1,417.41,2023-01-03,2024-12-30,727,500,-10,20,0,0,0,,100,0,0,0,[],0,0,[],,,-74.1,-63.97,-88.12,-0.73
397,TSLA,108.1,417.41,2023-01-03,2024-12-30,727,500,-10,20,1,0,0,,100,0,0,0,[],0,0,[],,,-74.1,-63.97,-88.12,-0.73
398,TSLA,108.1,417.41,2023-01-03,2024-12-30,727,500,-10,20,5,0,0,,100,0,0,0,[],0,0,[],,,-74.1,-63.97,-88.12,-0.73
399,TSLA,108.1,417.41,2023-01-03,2024-12-30,727,500,-10,20,10,0,0,,100,0,0,0,[],0,0,[],,,-74.1,-63.97,-88.12,-0.73